time,t_C_sfc,RH_sfc,VPD_sfc,wind_speed_sfc,wind_speed700,source_file
2022-05-28T00:00:00Z,26.92672119,6.571735031,3.318197571,6.168457701,10.8910583,beartrap_20220528.csv
2022-05-29T00:00:00Z,25.64248047,4.850985328,3.132787933,7.356888097,13.46725194,beartrap_20220528.csv
2022-05-30T00:00:00Z,23.40151367,10.38115064,2.581130897,8.208577419,15.5609522,beartrap_20220528.csv
2022-05-31T00:00:00Z,23.53804932,10.50644269,2.598805633,6.656924941,11.70386507,beartrap_20220528.csv
2022-06-01T00:00:00Z,26.24974976,6.881260947,3.178113196,5.993225529,10.10894378,beartrap_20220528.csv
2022-06-02T00:00:00Z,27.9560791,6.069404013,3.542868626,5.202823434,8.838785636,beartrap_20220528.csv
2022-06-03T00:00:00Z,25.45018921,18.24799352,2.661214525,5.070985255,9.164392967,beartrap_20220528.csv
2022-06-04T00:00:00Z,26.18813477,7.178669474,3.156480431,5.783051078,10.11553146,beartrap_20220528.csv
2022-06-05T00:00:00Z,26.97011719,6.658371393,3.323573227,5.285803246,8.382369582,beartrap_20220528.csv
2022-06-06T00:00:00Z,29.06646118,9.422773237,3.643528849,4.630140056,7.808733774,beartrap_20220528.csv
2022-06-07T00:00:00Z,30.22408447,10.92264889,3.829629644,2.99745169,4.807505407,beartrap_20220528.csv
2022-06-08T00:00:00Z,30.18364868,9.033419781,3.901894655,1.728909976,3.422667533,beartrap_20220528.csv
2022-06-09T00:00:00Z,22.59383545,34.19386976,1.804707981,2.580224917,6.393168058,beartrap_20220528.csv
2022-06-10T00:00:00Z,22.34136353,37.34414841,1.692133795,4.625651735,11.00539957,beartrap_20220528.csv
2022-06-11T00:00:00Z,31.40895996,11.14200496,4.08694365,0.578777256,1.321953764,beartrap_20220528.csv
2022-06-12T00:00:00Z,27.64016113,17.5865855,3.051526146,4.678596754,6.269823431,beartrap_20220528.csv
2022-06-13T00:00:00Z,30.15911255,9.511975003,3.875902098,3.821794058,6.644703852,beartrap_20220528.csv
2022-06-14T00:00:00Z,27.97734985,14.93192544,3.212426533,5.419821847,9.387369623,beartrap_20220528.csv
2022-06-15T00:00:00Z,29.66259155,8.686022821,3.8014858,4.714369469,7.31251155,beartrap_20220528.csv
2022-06-16T00:00:00Z,30.08284912,7.575825138,3.941635963,3.228480258,3.486111345,beartrap_20220528.csv
2022-06-17T00:00:00Z,27.47060547,18.03146832,3.005147447,4.118680641,6.04309347,beartrap_20220528.csv
2022-06-18T00:00:00Z,24.88253174,34.04708912,2.075225081,1.898829789,6.942272293,beartrap_20220528.csv
2022-06-19T00:00:00Z,20.0631958,50.23734351,1.168771034,2.507821976,9.57056215,beartrap_20220528.csv
2022-06-20T00:00:00Z,18.28994141,65.98349126,0.715402759,3.300974102,5.865426281,beartrap_20220528.csv
2022-06-21T00:00:00Z,18.92995605,67.98986264,0.700636187,1.523877398,1.514155582,beartrap_20220528.csv
2022-06-22T00:00:00Z,18.81600342,60.73518921,0.853422363,2.817367819,6.239299928,beartrap_20220528.csv
2022-06-23T00:00:00Z,16.56627808,93.45797723,0.123386961,3.288267803,9.852136146,beartrap_20220528.csv
2022-06-24T00:00:00Z,20.16918335,65.76686629,0.809138317,2.986623816,4.732103444,beartrap_20220528.csv
2022-06-25T00:00:00Z,21.81655273,45.15061042,1.434618674,2.05690193,6.340771228,beartrap_20220528.csv
2022-06-26T00:00:00Z,17.94591675,66.36301668,0.692326832,2.200876537,3.115171354,beartrap_20220528.csv
2022-06-27T00:00:00Z,17.69936523,59.94438425,0.811822915,3.228356124,6.711138276,beartrap_20220528.csv
2022-06-28T00:00:00Z,16.41713867,75.14105284,0.464532113,1.034351059,3.255059244,beartrap_20220528.csv
2022-06-29T00:00:00Z,19.859552,64.02218309,0.834288733,0.419044763,2.48091616,beartrap_20220528.csv
2016-06-19T00:00:00Z,24.07842407,18.38544693,2.448135304,3.037374985,5.604486105,beavercrk_20160619.csv
2016-06-20T00:00:00Z,23.77236328,18.73974405,2.39315259,3.539592119,6.507671282,beavercrk_20160619.csv
2016-06-21T00:00:00Z,24.03695068,26.00741252,2.213806626,3.377274153,5.938166392,beavercrk_20160619.csv
2016-06-22T00:00:00Z,26.65731201,15.67737763,2.947712996,5.050188577,10.5481447,beavercrk_20160619.csv
2016-06-23T00:00:00Z,21.48433838,25.89995837,1.899680185,3.953893362,9.659407598,beavercrk_20160619.csv
2016-06-24T00:00:00Z,19.20137939,42.76312221,1.274518919,1.638080653,4.294925841,beavercrk_20160619.csv
2016-06-25T00:00:00Z,21.77932129,22.22763388,2.030115243,4.328269279,9.370927014,beavercrk_20160619.csv
2016-06-26T00:00:00Z,20.15639648,13.91523771,2.034062542,4.064707291,7.202161172,beavercrk_20160619.csv
2016-06-27T00:00:00Z,22.93825684,13.17756535,2.431664737,3.521142438,6.292815724,beavercrk_20160619.csv
2016-06-28T00:00:00Z,24.16369019,13.54923392,2.606556836,3.220052937,5.753596413,beavercrk_20160619.csv
2016-06-29T00:00:00Z,23.06691895,16.4115602,2.359349953,3.754454076,7.360841595,beavercrk_20160619.csv
2016-06-30T00:00:00Z,20.59884033,23.87471952,1.848471374,5.10824632,11.04049666,beavercrk_20160619.csv
2016-07-01T00:00:00Z,10.14223633,81.72942729,0.226883035,0.921009965,1.254807467,beavercrk_20160619.csv
2016-07-02T00:00:00Z,14.87032471,83.39277464,0.281105785,1.343814863,6.829094948,beavercrk_20160619.csv
2016-07-03T00:00:00Z,17.10717163,62.23013925,0.737429335,0.40557547,2.501948524,beavercrk_20160619.csv
2016-07-04T00:00:00Z,18.39693604,32.73255208,1.424680543,4.09864442,7.703385056,beavercrk_20160619.csv
2016-07-05T00:00:00Z,21.09035645,33.2324399,1.67079915,3.489084223,8.359839397,beavercrk_20160619.csv
2016-07-06T00:00:00Z,18.96688232,32.8835109,1.47298711,1.225987018,2.712539256,beavercrk_20160619.csv
2016-07-07T00:00:00Z,23.03548584,12.8965797,2.453911509,5.958235926,12.23083989,beavercrk_20160619.csv
2016-07-08T00:00:00Z,20.5770813,26.51178176,1.782020155,4.339634643,8.354192123,beavercrk_20160619.csv
2016-07-09T00:00:00Z,21.74138794,18.7811194,2.115219858,4.51948698,9.186446444,beavercrk_20160619.csv
2016-07-10T00:00:00Z,24.61715088,15.29175899,2.62419084,4.059936647,7.68086756,beavercrk_20160619.csv
2016-07-11T00:00:00Z,24.58748779,17.69931748,2.545049971,5.471812916,10.69329384,beavercrk_20160619.csv
2016-07-12T00:00:00Z,16.91665039,14.26966264,1.654060015,5.555593318,10.57529894,beavercrk_20160619.csv
2016-07-13T00:00:00Z,21.76235352,13.42279567,2.257659102,5.245118698,10.35662358,beavercrk_20160619.csv
2016-07-14T00:00:00Z,22.15517578,15.8683405,2.247024833,5.150899584,10.28837889,beavercrk_20160619.csv
2016-07-15T00:00:00Z,22.11168823,16.06245854,2.235917017,5.346406914,10.15606072,beavercrk_20160619.csv
2016-07-16T00:00:00Z,20.77401123,21.49267153,1.92698269,1.529947899,2.02386938,beavercrk_20160619.csv
2016-07-17T00:00:00Z,23.70708618,15.27662852,2.485429449,5.600812212,12.72569594,beavercrk_20160619.csv
2016-07-18T00:00:00Z,23.54815063,15.3517891,2.459602226,4.342414452,8.389029011,beavercrk_20160619.csv
2016-07-19T00:00:00Z,20.6645752,36.74978029,1.541886575,1.614135458,3.620043731,beavercrk_20160619.csv
2016-07-20T00:00:00Z,24.05715332,34.08642567,1.9742415,3.410579949,6.325553596,beavercrk_20160619.csv
2016-07-21T00:00:00Z,21.33687744,35.49801594,1.638611191,2.299557117,4.004051493,beavercrk_20160619.csv
2016-07-22T00:00:00Z,22.93511353,25.54805341,2.08464365,2.458655244,4.829212945,beavercrk_20160619.csv
2016-07-23T00:00:00Z,23.88143311,29.32775859,2.094742571,1.722364086,5.992869642,beavercrk_20160619.csv
2016-07-24T00:00:00Z,22.62496338,27.46915074,1.993054038,4.47154932,8.929209729,beavercrk_20160619.csv
2016-07-25T00:00:00Z,22.77510986,19.47410037,2.233122556,3.096961083,5.627320561,beavercrk_20160619.csv
2016-07-26T00:00:00Z,25.01152954,17.51003895,2.616193419,3.171938371,5.760013578,beavercrk_20160619.csv
2016-07-27T00:00:00Z,22.36828003,23.50686794,2.069551522,2.235255114,5.949718222,beavercrk_20160619.csv
2016-07-28T00:00:00Z,26.82729492,12.67960007,3.083223499,3.994076513,7.22888386,beavercrk_20160619.csv
2016-07-29T00:00:00Z,23.84423218,20.32943227,2.356449525,5.35080786,10.84871468,beavercrk_20160619.csv
2016-07-30T00:00:00Z,24.93056641,16.90214639,2.622818282,5.197647947,10.32817131,beavercrk_20160619.csv
2016-07-31T00:00:00Z,24.59938965,20.45325512,2.461567259,3.991819508,8.023493197,beavercrk_20160619.csv
2016-08-01T00:00:00Z,19.22445068,43.32928743,1.263715841,3.103203328,5.738923818,beavercrk_20160619.csv
2016-08-02T00:00:00Z,24.90084229,17.03450089,2.614007064,2.253206729,3.662429117,beavercrk_20160619.csv
2016-08-03T00:00:00Z,22.56502686,27.69559853,1.979624091,0.792330617,1.819077827,beavercrk_20160619.csv
2016-08-04T00:00:00Z,23.85415039,29.28921272,2.092458205,3.46515075,10.38738795,beavercrk_20160619.csv
2016-08-05T00:00:00Z,14.35119019,51.4730196,0.794574949,3.284403349,5.163217238,beavercrk_20160619.csv
2016-08-06T00:00:00Z,17.84572754,67.38788472,0.667015555,3.017651468,7.724143419,beavercrk_20160619.csv
2016-08-07T00:00:00Z,19.6881958,54.95878422,1.033566288,2.685981312,9.618000495,beavercrk_20160619.csv
2016-08-08T00:00:00Z,23.45473633,27.49289743,2.094774678,2.131201274,4.851735072,beavercrk_20160619.csv
2016-08-09T00:00:00Z,23.23781738,22.87804579,2.199289404,4.253271606,7.983416521,beavercrk_20160619.csv
2016-08-10T00:00:00Z,22.78518066,20.86739134,2.195799954,3.117687017,10.08161292,beavercrk_20160619.csv
2016-08-11T00:00:00Z,20.50612793,22.91476513,1.861137185,3.590074331,6.436901156,beavercrk_20160619.csv
2016-08-12T00:00:00Z,17.83440552,23.8734324,1.556453043,4.197320838,6.674527655,beavercrk_20160619.csv
2016-08-13T00:00:00Z,20.7696167,17.40252284,2.026847271,3.865464741,6.578288254,beavercrk_20160619.csv
2016-08-14T00:00:00Z,21.94399414,15.92292692,2.216885463,3.151353179,6.409803778,beavercrk_20160619.csv
2016-08-15T00:00:00Z,22.59105835,13.98724809,2.358881195,3.962117099,7.356852849,beavercrk_20160619.csv
2016-08-16T00:00:00Z,18.953302,23.98105772,1.667031256,4.33735865,8.21369729,beavercrk_20160619.csv
2016-08-17T00:00:00Z,20.7421814,33.90849008,1.618904636,1.207960072,3.247340413,beavercrk_20160619.csv
2016-08-18T00:00:00Z,19.57549438,34.97944673,1.481982354,1.725690929,3.269997297,beavercrk_20160619.csv
2016-08-19T00:00:00Z,12.15218506,60.16292906,0.565197548,0.331035736,1.31395418,beavercrk_20160619.csv
2016-08-20T00:00:00Z,10.35744629,72.06939061,0.351870107,3.340368129,6.697775178,beavercrk_20160619.csv
2016-08-21T00:00:00Z,18.56014404,21.55272888,1.678576211,3.179835899,5.055915026,beavercrk_20160619.csv
2016-08-22T00:00:00Z,22.78301392,17.69197494,2.283659641,2.138517941,4.631672981,beavercrk_20160619.csv
2016-08-23T00:00:00Z,16.75875244,47.71400485,0.998718991,1.42097846,4.255039731,beavercrk_20160619.csv
2016-08-24T00:00:00Z,18.1836792,21.69241118,1.636548022,1.877743422,4.069104591,beavercrk_20160619.csv
2016-08-25T00:00:00Z,13.78731689,61.04880255,0.614890171,1.914953263,4.448938163,beavercrk_20160619.csv
2016-08-26T00:00:00Z,15.56588135,23.89480514,1.347434705,1.833441219,4.739810193,beavercrk_20160619.csv
2016-08-27T00:00:00Z,13.5359436,37.99707957,0.963021497,4.166712733,8.131035387,beavercrk_20160619.csv
2016-08-28T00:00:00Z,17.90395508,28.85720007,1.46091568,3.38392081,6.147489923,beavercrk_20160619.csv
2016-08-29T00:00:00Z,19.39858398,22.18317758,1.754408267,2.437901825,4.329418419,beavercrk_20160619.csv
2016-08-30T00:00:00Z,18.01918945,29.11255075,1.466244584,4.821740947,9.943841131,beavercrk_20160619.csv
2016-08-31T00:00:00Z,17.7539917,41.26419346,1.194731988,3.242479739,5.455540836,beavercrk_20160619.csv
2016-09-01T00:00:00Z,22.99828491,19.93805839,2.250415538,1.20822797,2.753127344,beavercrk_20160619.csv
2016-09-02T00:00:00Z,20.33077393,31.91598512,1.626040692,1.433303333,3.0072718,beavercrk_20160619.csv
2016-09-03T00:00:00Z,20.84136353,29.85894925,1.728667685,1.09502064,6.518986031,beavercrk_20160619.csv
2016-09-04T00:00:00Z,15.36049805,43.06963099,0.994752682,1.297328792,4.970660382,beavercrk_20160619.csv
2016-09-05T00:00:00Z,15.66848145,45.50890622,0.971073326,4.033785208,9.345710132,beavercrk_20160619.csv
2016-09-06T00:00:00Z,19.42800293,16.20376622,1.892659277,4.26475942,8.507699904,beavercrk_20160619.csv
2016-09-07T00:00:00Z,19.90441284,19.37366538,1.875667254,2.844714101,7.104911487,beavercrk_20160619.csv
2016-09-08T00:00:00Z,18.04384766,17.76471542,1.703596328,3.180011952,7.237099453,beavercrk_20160619.csv
2016-09-09T00:00:00Z,19.94066772,16.66192001,1.943100133,4.634247751,10.17657698,beavercrk_20160619.csv
2016-09-10T00:00:00Z,11.97973022,28.0468293,1.009318912,3.434167464,5.812321045,beavercrk_20160619.csv
2016-09-11T00:00:00Z,18.72030029,9.887534522,1.94738468,3.901249663,8.875869054,beavercrk_20160619.csv
2016-09-12T00:00:00Z,20.23873291,13.84873008,2.046009843,5.297804444,12.97248057,beavercrk_20160619.csv
2016-09-13T00:00:00Z,16.89754639,19.11975799,1.558673475,2.256577078,6.346523052,beavercrk_20160619.csv
2016-09-14T00:00:00Z,12.54500732,37.30477957,0.912769664,3.478438508,8.520817705,beavercrk_20160619.csv
2016-09-15T00:00:00Z,12.37545166,46.02188748,0.777168666,1.436447024,4.334876263,beavercrk_20160619.csv
2016-09-16T00:00:00Z,9.844812012,47.18238001,0.643009494,4.580526444,8.837816226,beavercrk_20160619.csv
2016-09-17T00:00:00Z,12.79927979,31.58834483,1.012701397,2.994053705,5.104474412,beavercrk_20160619.csv
2016-09-18T00:00:00Z,15.00985107,21.51354855,1.340876965,4.188095496,9.847076133,beavercrk_20160619.csv
2016-09-19T00:00:00Z,18.22438965,22.97363187,1.613887077,4.194023601,10.2000417,beavercrk_20160619.csv
2016-09-20T00:00:00Z,20.42803345,19.27719336,1.939630059,1.961938824,6.001607399,beavercrk_20160619.csv
2016-09-21T00:00:00Z,18.42867432,27.33154465,1.542172357,2.01910175,7.554852223,beavercrk_20160619.csv
2016-09-22T00:00:00Z,13.98201904,51.47566447,0.775783623,2.676520024,7.075024337,beavercrk_20160619.csv
2016-09-23T00:00:00Z,15.9046875,40.56182866,1.075364083,1.608276949,4.813847543,beavercrk_20160619.csv
2016-09-24T00:00:00Z,4.009484863,77.60372643,0.182755427,3.548802812,11.42890767,beavercrk_20160619.csv
2016-09-25T00:00:00Z,3.093438721,87.62052699,0.094704846,3.741370289,7.666587728,beavercrk_20160619.csv
2016-09-26T00:00:00Z,11.01070557,35.18885677,0.852758297,2.291907442,4.410809955,beavercrk_20160619.csv
2016-09-27T00:00:00Z,15.85100708,36.44737534,1.145890263,1.711607863,3.836937068,beavercrk_20160619.csv
2016-09-28T00:00:00Z,18.37111816,24.48347374,1.596862734,2.00575239,4.85806963,beavercrk_20160619.csv
2016-09-29T00:00:00Z,18.82186279,39.61796238,1.313188715,1.78977344,1.867549127,beavercrk_20160619.csv
2016-09-30T00:00:00Z,13.20644531,63.4907123,0.554973692,1.609093235,0.929629912,beavercrk_20160619.csv
2016-10-01T00:00:00Z,13.3756958,64.63163137,0.543585328,1.250467128,4.223772794,beavercrk_20160619.csv
2016-10-02T00:00:00Z,14.69957886,37.58799098,1.045209985,2.089511055,6.025690978,beavercrk_20160619.csv
2016-10-03T00:00:00Z,13.48879395,47.02326526,0.820295212,1.15608282,4.297488357,beavercrk_20160619.csv
2016-10-04T00:00:00Z,3.78927002,51.01345127,0.393533394,5.463372843,10.74596106,beavercrk_20160619.csv
2016-10-05T00:00:00Z,2.882928467,47.31290267,0.396995561,4.986621188,10.31269319,beavercrk_20160619.csv
2016-10-06T00:00:00Z,5.277062988,35.48773933,0.574996245,3.013403479,8.791402137,beavercrk_20160619.csv
2016-10-07T00:00:00Z,1.942224121,56.34647138,0.307655621,3.142433924,8.330178175,beavercrk_20160619.csv
2016-10-08T00:00:00Z,6.501824951,33.17221721,0.648286947,1.998680611,8.565039446,beavercrk_20160619.csv
2016-10-09T00:00:00Z,9.683831787,42.06878908,0.697684,1.616629661,3.741874748,beavercrk_20160619.csv
2016-10-10T00:00:00Z,11.9510437,33.87413471,0.925858564,1.921984164,7.911264782,beavercrk_20160619.csv
2016-10-11T00:00:00Z,11.6557251,33.77669655,0.909340057,2.552917917,9.326321615,beavercrk_20160619.csv
2016-10-12T00:00:00Z,6.5765625,76.54195664,0.228789816,1.440759149,6.612102845,beavercrk_20160619.csv
2016-10-13T00:00:00Z,6.612359619,37.64762018,0.609524923,2.540305554,8.572395911,beavercrk_20160619.csv
2016-10-14T00:00:00Z,11.29622803,29.21131652,0.949167494,1.931926465,8.903546154,beavercrk_20160619.csv
2016-10-15T00:00:00Z,14.77181396,24.13781194,1.276362526,4.357527899,13.41978895,beavercrk_20160619.csv
2016-10-16T00:00:00Z,13.59230957,30.0501449,1.090428403,1.944220822,9.056271879,beavercrk_20160619.csv
2016-10-17T00:00:00Z,10.20510254,38.41304026,0.768031819,2.707240876,8.596878157,beavercrk_20160619.csv
2016-10-18T00:00:00Z,2.570397949,57.21005485,0.315379622,5.308500953,13.63163128,beavercrk_20160619.csv
2016-10-19T00:00:00Z,4.717370605,47.07681992,0.45372346,3.334734422,8.556034035,beavercrk_20160619.csv
2016-10-20T00:00:00Z,-0.282843018,58.88844193,0.246789137,3.566753973,11.22018593,beavercrk_20160619.csv
2016-10-21T00:00:00Z,2.424890137,34.97509548,0.474175572,2.484456309,9.915831557,beavercrk_20160619.csv
2016-10-22T00:00:00Z,6.235620117,40.09236945,0.570640741,2.410499164,8.747196342,beavercrk_20160619.csv
2016-10-23T00:00:00Z,9.587609863,37.60094673,0.746638046,2.650892362,9.519678148,beavercrk_20160619.csv
2016-10-24T00:00:00Z,9.869866943,40.23946555,0.728738511,1.9775833,5.93991485,beavercrk_20160619.csv
2016-10-25T00:00:00Z,10.82384644,41.40398288,0.761492626,2.69804806,9.043414574,beavercrk_20160619.csv
2007-07-06T00:00:00Z,36.70702515,8.618118502,5.643736868,1.360814767,0.792423392,blackpine_20070706.csv
2007-07-07T00:00:00Z,33.47365723,16.05834139,4.33605155,4.177323871,1.63819195,blackpine_20070706.csv
2007-07-08T00:00:00Z,31.74813232,15.11187873,3.979767414,4.545568645,7.499318482,blackpine_20070706.csv
2007-07-09T00:00:00Z,33.1425415,12.87878124,4.418097709,4.673085908,7.33839983,blackpine_20070706.csv
2007-07-10T00:00:00Z,34.68233643,9.684866386,4.990384959,4.52003234,7.205198923,blackpine_20070706.csv
2007-07-11T00:00:00Z,35.14821777,8.90879295,5.164639476,4.431275184,6.323758755,blackpine_20070706.csv
2007-07-12T00:00:00Z,35.86727295,8.906147378,5.373253765,1.293708763,2.201884456,blackpine_20070706.csv
2007-07-13T00:00:00Z,30.82055054,20.79070115,3.52263122,1.705213546,2.836496958,blackpine_20070706.csv
2007-07-14T00:00:00Z,35.4862915,15.00759179,4.908638308,0.559067055,0.961007465,blackpine_20070706.csv
2014-07-14T00:00:00Z,31.96437988,17.2852846,3.925355344,3.905984715,6.38102497,blackrock_20140714.csv
2014-07-15T00:00:00Z,34.88723145,15.39573108,4.72738986,4.69378295,2.01370306,blackrock_20140714.csv
2014-07-16T00:00:00Z,36.83416138,13.4169185,5.383782092,4.164663253,5.68762904,blackrock_20140714.csv
2014-07-17T00:00:00Z,38.39412842,9.936727093,6.094806274,6.036596282,5.237117924,blackrock_20140714.csv
2014-07-18T00:00:00Z,32.78551636,10.83472139,4.432346948,6.779920212,10.00906349,blackrock_20140714.csv
2014-07-19T00:00:00Z,30.81893311,20.02948444,3.556220992,6.348578329,8.342881792,blackrock_20140714.csv
2014-07-20T00:00:00Z,32.39779053,18.12868993,3.981348069,6.26066967,9.947574446,blackrock_20140714.csv
2014-07-21T00:00:00Z,23.47472534,42.50473947,1.662698268,5.472424541,15.81162596,blackrock_20140714.csv
2014-07-22T00:00:00Z,25.06963501,23.15320004,2.445491934,1.953005925,11.42772631,blackrock_20140714.csv
2014-07-23T00:00:00Z,20.7295166,66.9721245,0.80803009,3.214039704,10.9015317,blackrock_20140714.csv
2014-07-24T00:00:00Z,17.18169556,55.62584257,0.870518993,5.908007813,17.13799574,blackrock_20140714.csv
2014-07-25T00:00:00Z,21.21749268,41.61513085,1.47230271,4.040204832,6.208735025,blackrock_20140714.csv
2014-07-26T00:00:00Z,26.09661255,24.22221091,2.562666476,3.372034193,5.717294454,blackrock_20140714.csv
2014-07-27T00:00:00Z,31.04784546,16.2492547,3.773476218,3.801906742,9.527632373,blackrock_20140714.csv
2014-07-28T00:00:00Z,31.38622437,16.47031849,3.836510149,3.188972078,5.408654809,blackrock_20140714.csv
2014-07-29T00:00:00Z,36.62078247,9.780738283,5.545599151,3.265718755,4.686077579,blackrock_20140714.csv
2014-07-30T00:00:00Z,35.93776855,9.499357814,5.358871465,3.64868356,3.026573931,blackrock_20140714.csv
2020-09-07T00:00:00Z,31.8845459,13.74518513,4.075271161,2.93290451,5.952643657,brattain_20200907.csv
2020-09-08T00:00:00Z,29.072229,17.19863312,3.331495135,5.844386702,8.972908953,brattain_20200907.csv
2020-09-09T00:00:00Z,18.7781311,13.25284093,1.881546415,4.156673228,12.27323085,brattain_20200907.csv
2020-09-10T00:00:00Z,24.68666992,10.33874778,2.789207263,3.395629677,5.979536155,brattain_20200907.csv
2020-09-11T00:00:00Z,26.88088379,11.22381756,3.144529187,0.624750844,2.023910467,brattain_20200907.csv
2020-09-12T00:00:00Z,26.52358398,15.97168114,2.91441056,1.282830847,3.414892027,brattain_20200907.csv
2020-09-13T00:00:00Z,26.02935181,16.29816345,2.81973921,1.575976876,4.347098008,brattain_20200907.csv
2020-09-14T00:00:00Z,26.04726563,16.26941205,2.823693465,4.143060588,8.420601907,brattain_20200907.csv
2020-09-15T00:00:00Z,25.39681396,15.52342246,2.741286971,5.132962743,11.71752297,brattain_20200907.csv
2020-09-16T00:00:00Z,24.67598877,15.49571548,2.627076216,3.511818425,7.451385142,brattain_20200907.csv
2020-09-17T00:00:00Z,24.44350586,18.07792347,2.511642107,3.589688879,8.412312495,brattain_20200907.csv
2020-09-18T00:00:00Z,24.33181152,11.16111144,2.705655638,4.061689418,9.07544489,brattain_20200907.csv
2020-09-19T00:00:00Z,17.46181641,33.96320633,1.318816789,4.70185112,9.298567625,brattain_20200907.csv
2020-09-20T00:00:00Z,19.49672852,28.45776667,1.622761088,2.46602491,4.817294981,brattain_20200907.csv
2020-09-21T00:00:00Z,24.09795532,14.56171165,2.565896715,1.81668645,3.919765986,brattain_20200907.csv
2020-09-22T00:00:00Z,24.20797119,15.11399326,2.566158744,4.356487665,8.645857035,brattain_20200907.csv
2020-09-23T00:00:00Z,22.36062012,21.29360794,2.128480206,4.826368457,10.31698031,brattain_20200907.csv
2018-07-29T00:00:00Z,25.77285156,28.57316377,2.369597713,2.572048585,8.372205273,bulldraw_20180729.csv
2018-07-30T00:00:00Z,30.30379639,10.33796771,3.872412303,3.834400255,7.90525599,bulldraw_20180729.csv
2018-07-31T00:00:00Z,30.02599487,11.62908424,3.756371689,3.281167752,5.270913088,bulldraw_20180729.csv
2018-08-01T00:00:00Z,31.21465454,9.40707931,4.121146075,2.66040362,4.543399065,bulldraw_20180729.csv
2018-08-02T00:00:00Z,29.00917969,13.85826188,3.453496334,2.397202977,2.285124458,bulldraw_20180729.csv
2018-08-03T00:00:00Z,28.95684204,21.95741337,3.118891936,2.201296783,3.814851885,bulldraw_20180729.csv
2018-08-04T00:00:00Z,26.37017212,32.68542069,2.31309887,1.553792064,6.032395341,bulldraw_20180729.csv
2018-08-05T00:00:00Z,26.80352173,18.73714425,2.865133946,3.562398622,8.607921476,bulldraw_20180729.csv
2018-08-06T00:00:00Z,31.45708618,13.42379799,3.992706893,4.536227506,8.458290573,bulldraw_20180729.csv
2018-08-07T00:00:00Z,31.04903564,7.417783701,4.172260486,4.165799005,6.598247178,bulldraw_20180729.csv
2018-08-08T00:00:00Z,31.27889404,6.689350917,4.260394717,3.778172469,6.185821868,bulldraw_20180729.csv
2018-08-09T00:00:00Z,31.56954346,8.347029738,4.254211575,3.6469346,6.629643118,bulldraw_20180729.csv
2018-08-10T00:00:00Z,32.3427063,9.331129847,4.396363673,2.31810034,4.275682036,bulldraw_20180729.csv
2018-08-11T00:00:00Z,30.7751709,13.13067829,3.853952659,0.878535619,1.867657815,bulldraw_20180729.csv
2018-08-12T00:00:00Z,30.92980347,15.55122113,3.779521013,1.808867039,3.2983609,bulldraw_20180729.csv
2018-08-13T00:00:00Z,31.69262085,13.33071577,4.050686803,3.017466582,5.268907216,bulldraw_20180729.csv
2018-08-14T00:00:00Z,29.87713013,11.75819185,3.718999505,4.368432212,7.463894991,bulldraw_20180729.csv
2018-08-15T00:00:00Z,26.94033203,18.15354241,2.908987797,1.451620275,2.38880203,bulldraw_20180729.csv
2018-08-16T00:00:00Z,22.13466797,41.8512315,1.550720378,1.437861072,1.176250497,bulldraw_20180729.csv
2018-08-17T00:00:00Z,26.67434082,33.30117223,2.333266508,0.842777143,3.784324693,bulldraw_20180729.csv
2018-08-18T00:00:00Z,28.37761841,25.44457505,2.881115368,2.664216695,4.232510964,bulldraw_20180729.csv
2018-08-19T00:00:00Z,27.57375488,15.50382495,3.116640532,3.432454216,6.446710594,bulldraw_20180729.csv
2018-08-20T00:00:00Z,26.99135742,16.00262798,2.994466268,3.190090467,5.164975424,bulldraw_20180729.csv
2018-08-21T00:00:00Z,29.01455078,14.35003809,3.434820098,4.229899007,7.986032214,bulldraw_20180729.csv
2018-08-22T00:00:00Z,15.78582153,70.58428312,0.528049004,0.72697466,4.89916156,bulldraw_20180729.csv
2018-08-23T00:00:00Z,20.69957886,48.16507183,1.266152318,2.954159962,6.23085534,bulldraw_20180729.csv
2018-08-24T00:00:00Z,24.50762329,25.6929734,2.286709619,3.405099681,6.559590977,bulldraw_20180729.csv
2018-08-25T00:00:00Z,25.10610352,25.92269492,2.362379615,2.527632407,4.669807288,bulldraw_20180729.csv
2018-08-26T00:00:00Z,25.53981934,26.54313817,2.403644394,1.367442629,4.848939983,bulldraw_20180729.csv
2018-08-27T00:00:00Z,22.54165039,38.97455743,1.668203705,4.403702947,9.444418075,bulldraw_20180729.csv
2018-08-28T00:00:00Z,27.05574951,16.12434375,3.001426827,5.620638975,10.79386074,bulldraw_20180729.csv
2018-08-29T00:00:00Z,26.97310791,8.678448188,3.2522515,3.371514008,5.927935749,bulldraw_20180729.csv
2018-08-30T00:00:00Z,27.68493042,11.76879016,3.275718252,3.812514881,6.710344431,bulldraw_20180729.csv
2017-06-30T00:00:00Z,34.78493652,9.884954102,5.007658728,3.40585355,5.51425005,burro_20170630.csv
2017-07-01T00:00:00Z,35.58223877,3.795932619,5.586932004,3.058357635,3.787621772,burro_20170630.csv
2017-07-02T00:00:00Z,36.72200928,8.06521862,5.682607088,4.199120883,6.648323475,burro_20170630.csv
2017-07-03T00:00:00Z,35.47835693,16.07569017,4.844675744,3.75219988,5.544211186,burro_20170630.csv
2017-07-04T00:00:00Z,34.24031982,25.13574259,4.034714178,4.164109104,6.615476009,burro_20170630.csv
2017-07-05T00:00:00Z,36.21502075,14.59623699,5.133707667,4.586819868,6.562177043,burro_20170630.csv
2017-07-06T00:00:00Z,36.82116089,13.74105383,5.35977218,3.130272956,1.958583091,burro_20170630.csv
2017-07-07T00:00:00Z,38.01342163,12.62913189,5.79187001,1.64821683,4.211241325,burro_20170630.csv
2017-07-08T00:00:00Z,37.25234375,13.78312667,5.484308469,2.387135561,3.213794102,burro_20170630.csv
2017-07-09T00:00:00Z,37.87575684,12.9387359,5.728500954,3.678881884,5.90442213,burro_20170630.csv
2017-07-10T00:00:00Z,30.64180908,32.94333649,2.951055441,2.265944936,4.484706745,burro_20170630.csv
2017-07-11T00:00:00Z,33.07299194,27.67439253,3.652036989,1.497975099,9.612480216,burro_20170630.csv
2017-07-12T00:00:00Z,29.87587891,37.8784118,2.616437645,3.634004463,5.6946442,burro_20170630.csv
2017-07-13T00:00:00Z,32.50570068,35.21444872,3.168143707,3.921410494,6.285874911,burro_20170630.csv
2017-07-14T00:00:00Z,30.97286377,37.01631774,2.824237547,0.486144625,7.142569534,burro_20170630.csv
2017-07-15T00:00:00Z,29.67702637,46.86550428,2.212042943,4.22733578,5.015112029,burro_20170630.csv
2017-07-16T00:00:00Z,33.19179688,30.9513555,3.509484246,3.03653845,8.462440587,burro_20170630.csv
2015-09-09T00:00:00Z,34.10024414,6.86131754,4.983104894,1.491598007,10.01393261,butte_20150909.csv
2015-09-10T00:00:00Z,35.79311523,12.08416627,5.164284103,3.213556764,4.416524792,butte_20150909.csv
2015-09-11T00:00:00Z,35.05080566,13.46839867,4.879238058,3.277308052,2.718253737,butte_20150909.csv
2015-09-12T00:00:00Z,35.20540771,12.18500047,4.994202194,2.669746113,3.619979464,butte_20150909.csv
2015-09-13T00:00:00Z,27.38912354,23.09890573,2.805735745,0.94687339,6.976677197,butte_20150909.csv
2015-09-14T00:00:00Z,30.09291992,18.40850382,3.481090504,2.389271865,1.874273186,butte_20150909.csv
2015-09-15T00:00:00Z,20.90859375,54.58641504,1.123528922,4.133197173,7.456988245,butte_20150909.csv
2015-09-16T00:00:00Z,17.86574707,69.52085378,0.624158828,2.628236038,15.20917326,butte_20150909.csv
2015-09-17T00:00:00Z,18.48085938,38.10160533,1.317817526,2.690783196,9.524328109,butte_20150909.csv
2015-09-18T00:00:00Z,22.64528809,42.09249295,1.592865599,2.908742719,5.636915107,butte_20150909.csv
2015-09-19T00:00:00Z,26.66335449,26.03982989,2.58597292,2.068613752,0.319955665,butte_20150909.csv
2015-09-20T00:00:00Z,30.02260742,16.94488573,3.529400765,1.681491674,3.023452464,butte_20150909.csv
2015-09-21T00:00:00Z,33.32705078,10.729747,4.574276232,1.977892162,2.20728722,butte_20150909.csv
2015-09-22T00:00:00Z,33.30263672,9.876801949,4.611761116,2.480592989,3.63716048,butte_20150909.csv
2015-09-23T00:00:00Z,28.52773438,18.80393173,3.165570829,2.473051763,6.738932981,butte_20150909.csv
2015-09-24T00:00:00Z,28.62740479,16.67003549,3.267693887,2.550394529,4.847069267,butte_20150909.csv
2015-09-25T00:00:00Z,31.77138672,11.13056183,4.172242811,1.92509719,10.30034564,butte_20150909.csv
,,,,,,
,,,,,,
,,,,,,
,,,,,,
,,,,,,
,,,,,,
,,,,,,
,,,,,,
,,,,,,
,,,,,,
,,,,,,
,,,,,,
,,,,,,
,,,,,,
,,,,,,
,,,,,,
,,,,,,
2016-08-13T00:00:00Z,22.81252441,55.16477982,1.24556598,2.502752165,5.898502505,chimney_20160813.csv
2016-08-14T00:00:00Z,26.96743164,50.27708452,1.768941922,2.794237292,4.926297784,chimney_20160813.csv
2016-08-15T00:00:00Z,25.01088867,52.4638117,1.506691401,2.832302189,2.894314465,chimney_20160813.csv
2016-08-16T00:00:00Z,23.33022461,53.29575045,1.338695968,2.553230651,7.09284403,chimney_20160813.csv
2016-08-17T00:00:00Z,22.54885254,54.4985273,1.244080176,2.299349929,5.869754989,chimney_20160813.csv
2016-08-18T00:00:00Z,23.07155762,56.21401952,1.23557311,2.383390161,4.394260316,chimney_20160813.csv
2016-08-19T00:00:00Z,22.35732422,50.7433412,1.331286517,3.153735774,6.072802038,chimney_20160813.csv
2016-08-20T00:00:00Z,21.97268066,59.09888594,1.079781652,2.736641887,9.659525234,chimney_20160813.csv
2016-08-21T00:00:00Z,22.08168945,60.19516125,1.057810933,1.953793883,8.203735614,chimney_20160813.csv
2016-08-22T00:00:00Z,22.10915527,59.72632338,1.072066416,2.724532848,3.797566998,chimney_20160813.csv
2016-08-23T00:00:00Z,22.84279785,58.35390126,1.159026412,3.347498458,3.024885158,chimney_20160813.csv
2016-08-24T00:00:00Z,22.92580566,58.36935626,1.164420626,2.374389205,1.37121542,chimney_20160813.csv
2016-08-25T00:00:00Z,23.23452148,53.76999137,1.317475326,2.420793339,0.382551631,chimney_20160813.csv
2016-08-26T00:00:00Z,22.10488281,59.41230399,1.08015037,2.721815601,2.185746722,chimney_20160813.csv
2016-08-27T00:00:00Z,21.08864746,58.97103275,1.026254169,2.689675589,4.921118786,chimney_20160813.csv
2016-08-28T00:00:00Z,21.63442383,59.97941264,1.034974147,2.858028658,3.059831107,chimney_20160813.csv
2016-08-29T00:00:00Z,24.88100586,50.31532875,1.562734859,2.188134341,6.692553249,chimney_20160813.csv
2016-08-30T00:00:00Z,29.78286133,40.10787822,2.508979175,1.940114277,3.815946193,chimney_20160813.csv
2016-08-31T00:00:00Z,29.75209961,35.30838209,2.705583621,2.266670086,9.828310433,chimney_20160813.csv
2016-09-01T00:00:00Z,27.55678711,42.96702755,2.100444419,3.32784255,6.488814646,chimney_20160813.csv
2016-09-02T00:00:00Z,25.37172852,42.70323043,1.855730656,2.924554498,5.291910352,chimney_20160813.csv
2016-09-03T00:00:00Z,23.76711426,54.6422092,1.334665967,3.05523815,3.323146708,chimney_20160813.csv
2016-09-04T00:00:00Z,21.82143555,49.68024335,1.316447304,3.815597602,7.591871586,chimney_20160813.csv
2016-09-05T00:00:00Z,20.8364502,46.47930521,1.318396305,4.062060414,12.53165411,chimney_20160813.csv
2016-09-06T00:00:00Z,23.19753418,49.02589301,1.449555227,2.547091224,7.14733435,chimney_20160813.csv
2016-09-07T00:00:00Z,27.14467773,36.71043833,2.275732393,2.483299485,6.006092721,chimney_20160813.csv
2016-09-08T00:00:00Z,24.78798828,51.99601612,1.501487506,3.175458813,1.469463679,chimney_20160813.csv
2016-09-09T00:00:00Z,22.24538574,61.68956623,1.028246879,2.717809913,3.904042423,chimney_20160813.csv
2016-09-10T00:00:00Z,21.67702637,62.25214708,0.978703974,2.611740439,7.377662407,chimney_20160813.csv
2016-09-11T00:00:00Z,22.01333008,61.36982267,1.022317318,2.451275344,5.15668417,chimney_20160813.csv
2016-09-12T00:00:00Z,21.2270752,66.55110004,0.843678922,2.448124715,2.782462371,chimney_20160813.csv
2016-09-13T00:00:00Z,18.36629639,66.00357012,0.718404683,3.96326147,11.3713755,chimney_20160813.csv
2016-09-14T00:00:00Z,17.96688232,63.58318789,0.750552961,2.575195388,8.406777299,chimney_20160813.csv
2017-08-02T00:00:00Z,35.68242798,9.690548861,5.273076692,3.815837403,3.934636461,cinderbutte_20170802.csv
2017-08-03T00:00:00Z,36.01522217,7.427479637,5.505159185,4.229630537,4.869846238,cinderbutte_20170802.csv
2017-08-04T00:00:00Z,35.68691406,6.036611891,5.488202959,4.937482371,6.87599281,cinderbutte_20170802.csv
2017-08-05T00:00:00Z,34.80471191,6.450724018,5.204535266,6.767725439,8.657694368,cinderbutte_20170802.csv
2017-08-06T00:00:00Z,32.77370605,4.153208013,4.76164331,4.12991442,5.6831474,cinderbutte_20170802.csv
2017-08-07T00:00:00Z,28.06795654,14.92704434,3.229585968,2.052706678,2.982455175,cinderbutte_20170802.csv
2017-08-08T00:00:00Z,28.98546753,17.25760799,3.312488947,2.352750834,3.090564919,cinderbutte_20170802.csv
2017-08-09T00:00:00Z,31.4671875,8.691331661,4.213698571,1.799184501,2.289721265,cinderbutte_20170802.csv
2017-08-10T00:00:00Z,29.93752441,19.55230944,3.401786307,3.9563567,4.658533859,cinderbutte_20170802.csv
,,,,,,
,,,,,,
,,,,,,
,,,,,,
,,,,,,
,,,,,,
,,,,,,
,,,,,,
,,,,,,
2015-08-12T00:00:00Z,30.22863159,19.97129277,3.440918121,3.057202686,4.652148975,countyline_20150812.csv
2015-08-13T00:00:00Z,33.8779541,13.7835219,4.555375266,1.702090003,5.202658724,countyline_20150812.csv
2015-08-14T00:00:00Z,34.549646,9.835954015,4.945538119,1.424220656,6.242745536,countyline_20150812.csv
2015-08-15T00:00:00Z,20.37374268,47.48561061,1.257298546,5.366036452,10.61138183,countyline_20150812.csv
2015-08-16T00:00:00Z,25.39455566,20.86047827,2.567603703,3.688334409,10.60136028,countyline_20150812.csv
2015-08-17T00:00:00Z,27.43462524,14.53663757,3.126848211,2.910630353,3.356059289,countyline_20150812.csv
2015-08-18T00:00:00Z,30.5777832,13.08900773,3.812649866,2.101208981,6.423143438,countyline_20150812.csv
2015-08-19T00:00:00Z,31.99230347,14.33916239,4.07186394,2.540318935,3.996209183,countyline_20150812.csv
2015-08-20T00:00:00Z,33.89034424,14.47900194,4.521663686,4.845287511,4.172708847,countyline_20150812.csv
2015-08-21T00:00:00Z,27.99318848,22.30680159,2.936270775,5.23251727,4.698269336,countyline_20150812.csv
2015-08-22T00:00:00Z,25.63253174,17.36414956,2.719236543,4.790027627,9.100978397,countyline_20150812.csv
2015-08-23T00:00:00Z,24.87850342,19.50688439,2.532674689,3.357892716,2.329307072,countyline_20150812.csv
2015-08-24T00:00:00Z,31.25332031,15.46429962,3.853632406,1.954979984,5.364107103,countyline_20150812.csv
2015-08-25T00:00:00Z,30.25026855,19.64649811,3.459185981,3.780549682,7.125164321,countyline_20150812.csv
2015-08-26T00:00:00Z,30.61263428,20.01426112,3.515326633,0.800710706,4.134289193,countyline_20150812.csv
2015-08-27T00:00:00Z,31.16604004,15.50677317,3.832648849,2.883370916,2.053170207,countyline_20150812.csv
2015-08-28T00:00:00Z,31.45314941,16.05742541,3.870167941,1.743790875,3.643738047,countyline_20150812.csv
2015-08-29T00:00:00Z,27.88344727,22.26956737,2.918982146,1.189580465,15.50377396,countyline_20150812.csv
2015-08-30T00:00:00Z,19.08193359,45.27856815,1.209453848,5.516473978,15.91524303,countyline_20150812.csv
2015-08-31T00:00:00Z,17.0407959,51.15530936,0.949766099,5.026560817,16.0689694,countyline_20150812.csv
2015-09-01T00:00:00Z,23.97799072,28.74147034,2.124404167,3.106136059,12.4348261,countyline_20150812.csv
2015-09-02T00:00:00Z,23.80666504,28.41131265,2.112434096,4.696879394,14.34426583,countyline_20150812.csv
2015-09-03T00:00:00Z,18.11745605,37.67461365,1.297054319,4.513653474,9.206428331,countyline_20150812.csv
2015-09-04T00:00:00Z,16.44326172,35.80015536,1.202067123,2.581153849,4.038805376,countyline_20150812.csv
2015-09-05T00:00:00Z,10.15450439,69.07050986,0.384413443,3.865222398,1.836517093,countyline_20150812.csv
2015-09-06T00:00:00Z,15.09298096,40.93538433,1.014492736,3.870119905,5.105410886,countyline_20150812.csv
2015-09-07T00:00:00Z,16.86330566,55.23624927,0.860661935,3.694793197,7.199398299,countyline_20150812.csv
2015-09-08T00:00:00Z,24.47091064,22.56702335,2.377786303,2.272075196,7.854845077,countyline_20150812.csv
2015-09-09T00:00:00Z,28.59633789,17.62268697,3.224478518,1.56322195,6.055132069,countyline_20150812.csv
2015-09-10T00:00:00Z,31.92391357,7.924558449,4.360398698,2.635454389,6.756793269,countyline_20150812.csv
2015-09-11T00:00:00Z,30.61913452,15.15344466,3.730732801,3.602048228,4.513522705,countyline_20150812.csv
2015-09-12T00:00:00Z,31.18782959,16.34698438,3.799166242,3.012705426,5.231935695,countyline_20150812.csv
2015-09-13T00:00:00Z,33.68990479,15.14605838,4.436493525,3.782129319,5.702910438,countyline_20150812.csv
,,,,,,
,,,,,,
,,,,,,
,,,,,,
,,,,,,
,,,,,,
,,,,,,
,,,,,,
,,,,,,
,,,,,,
,,,,,,
,,,,,,
,,,,,,
,,,,,,
,,,,,,
,,,,,,
,,,,,,
,,,,,,
,,,,,,
,,,,,,
,,,,,,
,,,,,,
,,,,,,
,,,,,,
,,,,,,
,,,,,,
,,,,,,
,,,,,,
,,,,,,
,,,,,,
,,,,,,
,,,,,,
,,,,,,
,,,,,,
,,,,,,
,,,,,,
,,,,,,
,,,,,,
,,,,,,
,,,,,,
,,,,,,
,,,,,,
,,,,,,
,,,,,,
,,,,,,
,,,,,,
,,,,,,
,,,,,,
,,,,,,
,,,,,,
,,,,,,
,,,,,,
,,,,,,
,,,,,,
,,,,,,
,,,,,,
,,,,,,
,,,,,,
,,,,,,
,,,,,,
,,,,,,
,,,,,,
,,,,,,
,,,,,,
,,,,,,
,,,,,,
,,,,,,
,,,,,,
,,,,,,
,,,,,,
,,,,,,
,,,,,,
,,,,,,
,,,,,,
,,,,,,
,,,,,,
,,,,,,
,,,,,,
,,,,,,
,,,,,,
,,,,,,
,,,,,,
2018-09-05T00:00:00Z,30.58779297,15.92298216,3.690234761,3.37139971,2.150457391,delta_20180905.csv
2018-09-06T00:00:00Z,28.97591553,18.53570139,3.259446701,3.300074483,5.967755533,delta_20180905.csv
2018-09-07T00:00:00Z,28.81972656,18.96231433,3.213225922,2.48323032,4.886978175,delta_20180905.csv
2018-09-08T00:00:00Z,30.09694824,17.830262,3.506612459,2.711420804,8.408601481,delta_20180905.csv
2018-09-09T00:00:00Z,29.41738281,11.58673365,3.629078804,1.543115378,4.407527927,delta_20180905.csv
2018-09-10T00:00:00Z,30.07644043,12.35269061,3.73635648,1.716756137,4.899125728,delta_20180905.csv
2018-09-11T00:00:00Z,29.42312012,12.82875012,3.579220179,2.357196875,4.888322746,delta_20180905.csv
2018-09-12T00:00:00Z,24.14663086,15.89912131,2.533090963,2.498882017,4.225407443,delta_20180905.csv
2018-09-13T00:00:00Z,18.91835938,29.9015996,1.533815036,1.961154327,4.764904226,delta_20180905.csv
2018-09-14T00:00:00Z,19.71212158,29.43886621,1.622016458,2.825125769,3.875093541,delta_20180905.csv
2018-09-15T00:00:00Z,21.02657471,23.18723204,1.914837749,2.236959658,5.480757881,delta_20180905.csv
2018-09-16T00:00:00Z,20.11226807,29.46548076,1.662038944,3.332055766,7.654296293,delta_20180905.csv
2018-09-17T00:00:00Z,22.58156738,24.44204731,2.070849534,2.523870034,4.66250574,delta_20180905.csv
2018-09-18T00:00:00Z,22.82131348,16.04528853,2.334767691,2.66065995,3.318689614,delta_20180905.csv
2018-09-19T00:00:00Z,24.76461182,18.89446228,2.534702203,1.901256934,5.588051513,delta_20180905.csv
2018-09-20T00:00:00Z,24.54812012,11.39623261,2.733613444,2.867234335,7.308386819,delta_20180905.csv
2018-09-21T00:00:00Z,28.04042969,9.579330392,3.427286629,2.224120897,3.127758587,delta_20180905.csv
2018-09-22T00:00:00Z,26.98275146,16.71209134,2.967649724,2.325361688,8.438603604,delta_20180905.csv
2018-09-23T00:00:00Z,25.75911865,17.14918517,2.746821096,2.695543084,9.377996948,delta_20180905.csv
2018-09-24T00:00:00Z,25.11220703,11.59189383,2.820830461,0.983621058,2.405534349,delta_20180905.csv
2018-09-25T00:00:00Z,27.39882813,8.575106882,3.338105224,2.11268144,7.198726857,delta_20180905.csv
2018-09-26T00:00:00Z,30.47176514,6.172837741,4.091505545,1.390573315,4.644173301,delta_20180905.csv
2018-09-27T00:00:00Z,31.83120117,6.657986242,4.397319573,1.334402866,3.559006097,delta_20180905.csv
2018-09-28T00:00:00Z,31.12557373,9.857179574,4.079943098,2.041594537,3.18791606,delta_20180905.csv
2018-09-29T00:00:00Z,26.70217285,20.12140767,2.799561303,3.130881351,4.654807792,delta_20180905.csv
2018-09-30T00:00:00Z,15.07143555,55.27230058,0.767118921,3.551354498,9.614891874,delta_20180905.csv
2018-10-01T00:00:00Z,17.12099609,56.50445981,0.850009838,1.329431698,8.864093417,delta_20180905.csv
2018-10-02T00:00:00Z,14.22945557,81.68839943,0.297418056,0.999567212,14.66352949,delta_20180905.csv
2018-10-03T00:00:00Z,19.21663818,66.66765145,0.742718061,1.226556181,7.214370917,delta_20180905.csv
2018-10-04T00:00:00Z,13.87819824,92.40981265,0.120498946,0.481460533,5.99609878,delta_20180905.csv
2018-10-05T00:00:00Z,14.7194458,59.61075672,0.677187502,0.842961746,8.658577171,delta_20180905.csv
2018-10-06T00:00:00Z,15.33193359,52.54446012,0.827634823,0.592429226,14.71540282,delta_20180905.csv
2018-10-07T00:00:00Z,17.11306152,44.49106061,1.084352152,3.581209858,18.70867069,delta_20180905.csv
2020-08-15T00:00:00Z,38.43026123,12.08739957,5.960417595,4.201327428,5.484991818,dome_20200815.csv
2020-08-16T00:00:00Z,38.42077026,14.70121077,5.77970073,3.058512081,2.132856345,dome_20200815.csv
2020-08-17T00:00:00Z,39.82070313,14.51144355,6.24386568,0.760662855,1.407466449,dome_20200815.csv
2020-08-18T00:00:00Z,39.83620605,13.14505637,6.349251886,3.019324797,1.359957717,dome_20200815.csv
2020-08-19T00:00:00Z,37.4442688,20.63602443,5.100016405,3.871103016,2.404150693,dome_20200815.csv
2020-08-20T00:00:00Z,37.58419189,12.64291129,5.658011833,1.193308993,4.488990127,dome_20200815.csv
2020-08-21T00:00:00Z,38.07851563,11.7172901,5.873113003,5.395776881,6.116774058,dome_20200815.csv
2020-08-22T00:00:00Z,35.3355957,17.48953261,4.725562384,4.913387402,5.601545433,dome_20200815.csv
2020-08-23T00:00:00Z,33.68422852,28.7243841,3.723903341,2.257330781,1.685236034,dome_20200815.csv
2018-08-01T00:00:00Z,25.67952881,32.283333,2.233998074,3.189085185,5.464333636,donnell_20180801.csv
2018-08-02T00:00:00Z,25.35292969,27.95301523,2.331480994,3.129370322,5.722349474,donnell_20180801.csv
2018-08-03T00:00:00Z,25.49007568,18.86569294,2.647341332,4.115248249,7.591415795,donnell_20180801.csv
2018-08-04T00:00:00Z,24.19832764,13.59503484,2.610585261,4.250037498,8.040455068,donnell_20180801.csv
2018-08-05T00:00:00Z,21.57106934,21.19828758,2.031017918,5.743304898,12.48109107,donnell_20180801.csv
2018-08-06T00:00:00Z,23.06453857,15.37041583,2.388401953,3.671011184,6.332079491,donnell_20180801.csv
2018-08-07T00:00:00Z,25.43966064,16.85093021,2.705042722,2.210712621,2.963667483,donnell_20180801.csv
2018-08-08T00:00:00Z,27.03084717,19.98921806,2.858791234,2.800646182,3.53452651,donnell_20180801.csv
2018-08-09T00:00:00Z,27.42891846,16.68651604,3.047088836,2.608916123,3.64470552,donnell_20180801.csv
2018-08-10T00:00:00Z,27.70400391,16.97589513,3.085632529,3.056403578,4.698798593,donnell_20180801.csv
2018-08-11T00:00:00Z,26.09353027,18.64351921,2.75105471,2.917955523,5.078913778,donnell_20180801.csv
2018-08-12T00:00:00Z,25.89656982,18.72558243,2.716496284,3.148566934,5.376409836,donnell_20180801.csv
2018-08-13T00:00:00Z,25.90358887,17.24633554,2.767134949,3.69958937,6.488096816,donnell_20180801.csv
2018-08-14T00:00:00Z,24.31069336,23.56349216,2.324787974,2.258799409,4.545851493,donnell_20180801.csv
2018-08-15T00:00:00Z,20.31923828,42.1539325,1.380396268,0.781963058,3.729955111,donnell_20180801.csv
2018-08-16T00:00:00Z,23.24013672,23.80895824,2.173025342,2.989521461,5.066229084,donnell_20180801.csv
2018-08-17T00:00:00Z,24.23879395,25.68202704,2.250589985,3.676708622,6.757424109,donnell_20180801.csv
2018-08-18T00:00:00Z,24.37563477,24.25325645,2.312751398,3.840737314,6.948379905,donnell_20180801.csv
2018-08-19T00:00:00Z,26.12258301,20.50805758,2.692548454,3.267599891,5.239797606,donnell_20180801.csv
2018-08-20T00:00:00Z,25.96206055,21.84850776,2.622129583,4.014633059,7.251489416,donnell_20180801.csv
2018-08-21T00:00:00Z,24.11025391,18.95016195,2.435824907,4.318678362,7.941361634,donnell_20180801.csv
2018-08-22T00:00:00Z,21.52218018,21.69384064,2.012220673,4.012824749,6.951388952,donnell_20180801.csv
2018-08-23T00:00:00Z,22.18984375,19.74534124,2.147970115,3.448495228,5.456775689,donnell_20180801.csv
2018-08-24T00:00:00Z,21.60915527,22.73305363,1.996079756,3.758444892,6.470241165,donnell_20180801.csv
2018-08-25T00:00:00Z,20.90883789,17.02904804,2.053501895,4.007091681,7.430130994,donnell_20180801.csv
2018-08-26T00:00:00Z,21.40310059,21.49775068,2.00262979,4.15730456,7.606203644,donnell_20180801.csv
2018-08-27T00:00:00Z,20.86977539,19.35688639,1.991100999,4.741610818,9.090246595,donnell_20180801.csv
2018-08-28T00:00:00Z,20.27254639,31.18952519,1.637510864,3.921643445,6.348631125,donnell_20180801.csv
2018-08-29T00:00:00Z,20.86568604,31.16986893,1.698873565,1.813289207,2.453629307,donnell_20180801.csv
2018-08-30T00:00:00Z,21.08919678,25.9841448,1.852177338,3.92676472,6.843167126,donnell_20180801.csv
2018-08-31T00:00:00Z,19.21645508,22.0348316,1.737964285,3.968310352,7.239138711,donnell_20180801.csv
2018-09-01T00:00:00Z,20.10250244,24.81314674,1.770650269,3.028790881,4.847069211,donnell_20180801.csv
2018-09-02T00:00:00Z,22.94588623,20.35123596,2.231716872,2.065004722,2.884357029,donnell_20180801.csv
2012-06-09T00:00:00Z,28.41762695,18.47819919,3.158070816,4.453136042,6.669699642,highpark_20120609.csv
2012-06-10T00:00:00Z,30.55800781,9.185224574,3.979632416,2.491132307,5.912186405,highpark_20120609.csv
2012-06-11T00:00:00Z,20.3902832,7.606195792,2.214671404,6.986374609,14.30947707,highpark_20120609.csv
2012-06-12T00:00:00Z,21.49526367,14.34760173,2.197411712,4.000312134,5.886703055,highpark_20120609.csv
2012-06-13T00:00:00Z,24.76101074,10.49910922,2.796593347,1.743875159,4.792028537,highpark_20120609.csv
2012-06-14T00:00:00Z,30.02883301,7.726356101,3.923052568,2.963699689,5.402157601,highpark_20120609.csv
2012-06-15T00:00:00Z,24.37172852,22.68609691,2.360096756,2.994120637,4.939805414,highpark_20120609.csv
2012-06-16T00:00:00Z,20.61049805,42.65118004,1.393286178,2.262497755,4.476029492,highpark_20120609.csv
2012-06-17T00:00:00Z,22.79885254,36.12845378,1.773478138,3.429989074,3.804364016,highpark_20120609.csv
2012-06-18T00:00:00Z,30.66103516,9.000432344,4.011249565,4.641366121,10.25158182,highpark_20120609.csv
2012-06-19T00:00:00Z,32.26418457,8.902253006,4.397687963,2.943434468,5.825988039,highpark_20120609.csv
2012-06-20T00:00:00Z,29.33449707,14.85175277,3.478253073,4.83540408,9.379089295,highpark_20120609.csv
2012-06-21T00:00:00Z,19.15126953,35.26034893,1.437202332,3.210550892,0.683907138,highpark_20120609.csv
2012-06-22T00:00:00Z,27.06142578,25.77378947,2.656594762,5.615939575,7.553833994,highpark_20120609.csv
2012-06-23T00:00:00Z,33.33937988,8.770182032,4.678085908,1.573157108,2.909438883,highpark_20120609.csv
2012-06-24T00:00:00Z,33.99001465,8.027214866,4.890558132,2.919668581,5.055737499,highpark_20120609.csv
2012-06-25T00:00:00Z,31.96291504,12.49574249,4.152756056,3.19759729,4.372760021,highpark_20120609.csv
2012-06-26T00:00:00Z,32.88845215,10.63780282,4.467887523,2.681842368,4.83138358,highpark_20120609.csv
2012-06-27T00:00:00Z,28.91188965,23.88663156,3.033783228,3.808258265,5.371246093,highpark_20120609.csv
2012-06-28T00:00:00Z,26.71962891,25.9464528,2.59781349,3.257116393,6.579362991,highpark_20120609.csv
2012-06-29T00:00:00Z,25.17946777,31.65553437,2.18887293,3.201986792,8.086951937,highpark_20120609.csv
2012-06-30T00:00:00Z,30.80715332,11.84964987,3.918004607,1.027366605,3.700441085,highpark_20120609.csv
2012-07-01T00:00:00Z,31.32155762,13.00934851,3.981132518,1.218709131,3.047115593,highpark_20120609.csv
2012-07-02T00:00:00Z,31.55581055,9.976101675,4.175256975,3.471232869,4.966635923,highpark_20120609.csv
2012-07-03T00:00:00Z,27.92434082,18.5930722,3.064530569,3.796121958,1.053725766,highpark_20120609.csv
2012-07-04T00:00:00Z,26.00344238,27.99029357,2.421728796,3.898919789,3.484678299,highpark_20120609.csv
2012-07-05T00:00:00Z,31.06057129,15.03200057,3.83119105,3.52556892,5.678512444,highpark_20120609.csv
2012-07-06T00:00:00Z,28.7986084,32.31681549,2.679662808,2.638703684,8.535568313,highpark_20120609.csv
2012-07-07T00:00:00Z,18.44643555,80.10192992,0.422519996,2.742127597,8.337428981,highpark_20120609.csv
2012-07-08T00:00:00Z,16.99160156,88.77147568,0.217569788,0.611807587,4.819075263,highpark_20120609.csv
2012-07-09T00:00:00Z,19.45253906,71.60396857,0.64201891,0.391014937,4.968168326,highpark_20120609.csv
2012-07-10T00:00:00Z,21.85219727,57.21981579,1.12116969,2.639132948,0.904248532,highpark_20120609.csv
2012-07-11T00:00:00Z,23.4458252,45.77914211,1.565197264,2.757084684,2.126677081,highpark_20120609.csv
,,,,,,
,,,,,,
,,,,,,
,,,,,,
,,,,,,
,,,,,,
,,,,,,
,,,,,,
,,,,,,
,,,,,,
,,,,,,
,,,,,,
,,,,,,
,,,,,,
,,,,,,
,,,,,,
,,,,,,
,,,,,,
,,,,,,
,,,,,,
,,,,,,
,,,,,,
,,,,,,
,,,,,,
,,,,,,
,,,,,,
,,,,,,
,,,,,,
,,,,,,
,,,,,,
,,,,,,
,,,,,,
,,,,,,
2017-08-11T00:00:00Z,29.7819458,17.82572419,3.444050684,2.421358609,1.212030202,jollymtn_20170811.csv
2017-08-12T00:00:00Z,25.81429443,32.89834227,2.231397311,2.990704436,0.604919631,jollymtn_20170811.csv
2017-08-13T00:00:00Z,22.35714111,43.245823,1.534085731,3.556710874,4.447375882,jollymtn_20170811.csv
2017-08-14T00:00:00Z,16.92562256,48.8415973,0.987553653,4.891029627,9.761346648,jollymtn_20170811.csv
2017-08-15T00:00:00Z,17.99654541,40.67712235,1.225209723,3.014053705,3.142438944,jollymtn_20170811.csv
2017-08-16T00:00:00Z,21.1880127,29.83524481,1.766410329,3.800800552,5.542245039,jollymtn_20170811.csv
2017-08-17T00:00:00Z,20.88356934,46.5592456,1.320238474,4.511848669,12.45995895,jollymtn_20170811.csv
2017-08-18T00:00:00Z,20.68239746,39.21524451,1.483366926,3.81078462,8.181411921,jollymtn_20170811.csv
2017-08-19T00:00:00Z,18.27144775,53.48324734,0.977303279,4.77241469,13.69247889,jollymtn_20170811.csv
2017-08-20T00:00:00Z,18.77022705,37.04955555,1.364674057,4.258160195,10.09207591,jollymtn_20170811.csv
2017-08-21T00:00:00Z,19.11635742,40.99428755,1.306999394,3.471478024,6.713091727,jollymtn_20170811.csv
2017-08-22T00:00:00Z,26.25374756,25.44551967,2.544712147,2.228624198,1.002631911,jollymtn_20170811.csv
2017-08-23T00:00:00Z,26.63277588,27.85206523,2.517998067,3.182645576,1.790805641,jollymtn_20170811.csv
2017-08-24T00:00:00Z,21.1914917,39.47023327,1.524005132,3.606985359,5.675594628,jollymtn_20170811.csv
2017-08-25T00:00:00Z,15.61385498,39.35044109,1.077086573,4.738700936,11.25086198,jollymtn_20170811.csv
2017-08-26T00:00:00Z,21.19216309,25.26404769,1.882045176,2.695135065,6.99398293,jollymtn_20170811.csv
2017-08-27T00:00:00Z,27.34926758,15.58171137,3.073203777,0.586199802,3.689189841,jollymtn_20170811.csv
2017-08-28T00:00:00Z,29.49370728,15.76638205,3.472511813,0.531542225,4.41694781,jollymtn_20170811.csv
2017-08-29T00:00:00Z,30.60183105,17.02231435,3.644817701,1.385822173,2.809532309,jollymtn_20170811.csv
2017-08-30T00:00:00Z,29.3946167,19.12297762,3.314968158,2.199602093,1.975652902,jollymtn_20170811.csv
2017-08-31T00:00:00Z,20.24935303,39.90987626,1.42781805,4.359986262,8.415891255,jollymtn_20170811.csv
2017-09-01T00:00:00Z,20.36086426,37.54434108,1.494303674,3.590342005,11.27014168,jollymtn_20170811.csv
2017-09-02T00:00:00Z,28.28353271,17.05499345,3.188382762,3.065660742,7.119882662,jollymtn_20170811.csv
2017-09-03T00:00:00Z,29.48427734,15.51590776,3.48096436,3.719145574,12.31925926,jollymtn_20170811.csv
2017-09-04T00:00:00Z,29.03109131,16.2583936,3.361392197,3.679675847,9.989949673,jollymtn_20170811.csv
2017-09-05T00:00:00Z,27.43642578,23.6610579,2.792903144,3.102700928,2.897793254,jollymtn_20170811.csv
2017-09-06T00:00:00Z,23.76247559,30.44635391,2.046887431,2.449926067,8.786428945,jollymtn_20170811.csv
2017-09-07T00:00:00Z,25.17260132,33.97734905,2.113564433,0.923918881,2.358027896,jollymtn_20170811.csv
2017-09-08T00:00:00Z,21.86477051,54.76767231,1.186387644,2.723507752,6.758260293,jollymtn_20170811.csv
2017-09-09T00:00:00Z,18.36715088,68.02508853,0.675706066,3.272175958,3.209433629,jollymtn_20170811.csv
2017-09-10T00:00:00Z,14.71120605,65.38497335,0.580041117,2.653791086,17.15355045,jollymtn_20170811.csv
2017-09-11T00:00:00Z,20.0039917,32.79858579,1.572897232,2.722610209,12.35076145,jollymtn_20170811.csv
2017-09-12T00:00:00Z,26.83498535,17.20027057,2.924778732,2.31792483,8.619590949,jollymtn_20170811.csv
2017-09-13T00:00:00Z,20.3824707,51.72336697,1.156395978,3.92572111,16.34428983,jollymtn_20170811.csv
2017-09-14T00:00:00Z,15.41378174,35.53054864,1.130368266,3.374672944,8.79340905,jollymtn_20170811.csv
2017-09-15T00:00:00Z,17.45668945,26.35736842,1.47027464,1.836246179,4.016800291,jollymtn_20170811.csv
2017-09-16T00:00:00Z,18.06411133,21.02888109,1.638078256,0.81125538,1.870653922,jollymtn_20170811.csv
2017-09-17T00:00:00Z,14.08199463,32.66728406,1.083522503,2.436562497,4.170651252,jollymtn_20170811.csv
2017-09-18T00:00:00Z,11.62178955,68.45620171,0.432157113,1.054051172,16.55900952,jollymtn_20170811.csv
2017-09-19T00:00:00Z,8.694299316,63.17642061,0.414912139,2.368068345,10.80910482,jollymtn_20170811.csv
2017-09-20T00:00:00Z,6.558465576,71.85166367,0.27419297,2.2537582,14.9167292,jollymtn_20170811.csv
2017-09-21T00:00:00Z,6.721582031,68.15661944,0.313681306,2.926738405,5.476578035,jollymtn_20170811.csv
2017-09-22T00:00:00Z,8.668054199,67.63304516,0.364049571,1.027155412,4.153680355,jollymtn_20170811.csv
2017-09-23T00:00:00Z,10.03322754,61.21688839,0.478142266,2.156281003,4.283974938,jollymtn_20170811.csv
2017-09-24T00:00:00Z,14.63094482,45.08910344,0.91550888,1.779527957,1.589226655,jollymtn_20170811.csv
2017-09-25T00:00:00Z,16.05068359,45.7082818,0.991412554,3.618864373,6.758062785,jollymtn_20170811.csv
2017-09-26T00:00:00Z,13.82637939,64.57381871,0.560649568,2.621608073,6.62186759,jollymtn_20170811.csv
2017-09-27T00:00:00Z,19.53099976,40.2872129,1.357184693,1.556541296,3.688574619,jollymtn_20170811.csv
2017-09-28T00:00:00Z,19.55800781,36.81531216,1.438553085,3.014592564,7.563996102,jollymtn_20170811.csv
2017-09-29T00:00:00Z,21.50484619,35.07694731,1.66633854,2.954026119,5.823815308,jollymtn_20170811.csv
2017-09-30T00:00:00Z,12.37624512,69.46567368,0.439613124,3.267982084,8.468942932,jollymtn_20170811.csv
2017-10-01T00:00:00Z,7.54909668,70.33294641,0.309270873,3.94376233,13.78135052,jollymtn_20170811.csv
2017-10-02T00:00:00Z,8.160302734,52.88786104,0.51197627,3.690527784,8.216465083,jollymtn_20170811.csv
2017-10-03T00:00:00Z,11.86107788,30.50679606,0.967237798,1.967540881,6.122038764,jollymtn_20170811.csv
2017-10-04T00:00:00Z,13.1512085,29.3270098,1.070498286,2.006107152,11.27511193,jollymtn_20170811.csv
2017-10-05T00:00:00Z,15.10268555,20.68695271,1.363099126,0.708768785,9.331282824,jollymtn_20170811.csv
2017-10-06T00:00:00Z,17.1501709,26.49103928,1.439476108,0.560431883,5.08692214,jollymtn_20170811.csv
2017-10-07T00:00:00Z,11.07619629,44.2128623,0.737240591,5.201718291,28.31357006,jollymtn_20170811.csv
2017-10-08T00:00:00Z,5.826013184,80.12298113,0.184086325,3.043375673,14.50303657,jollymtn_20170811.csv
2017-10-09T00:00:00Z,9.34017334,52.68028575,0.556900884,2.821680562,7.746559851,jollymtn_20170811.csv
2017-10-10T00:00:00Z,13.97399292,29.25075189,1.130554415,1.926130868,6.521057806,jollymtn_20170811.csv
2017-10-11T00:00:00Z,5.405908203,70.78538535,0.262798857,2.46529729,14.48916997,jollymtn_20170811.csv
2017-10-12T00:00:00Z,3.957421875,59.76005765,0.327135761,2.746884648,9.237990687,jollymtn_20170811.csv
2017-10-13T00:00:00Z,2.067712402,87.57840789,0.088349124,0.244257184,10.71024251,jollymtn_20170811.csv
2017-10-14T00:00:00Z,1.542016602,74.09421414,0.177446585,2.85860268,6.802881549,jollymtn_20170811.csv
2016-05-20T00:00:00Z,25.51717529,24.31140352,2.473437344,2.635630612,1.997910309,juniper_20160520.csv
2016-05-21T00:00:00Z,28.23616943,12.93899388,3.337606096,4.411874269,10.01975005,juniper_20160520.csv
2016-05-22T00:00:00Z,25.7817627,11.35846125,2.942868866,5.505119352,11.79147672,juniper_20160520.csv
2016-05-23T00:00:00Z,23.88961182,21.48531097,2.328567756,3.917181403,9.130025782,juniper_20160520.csv
2016-05-24T00:00:00Z,24.6512085,12.07231299,2.729501851,3.616789522,10.22134967,juniper_20160520.csv
2016-05-25T00:00:00Z,24.2708374,12.75635134,2.647395821,4.172056659,8.432116614,juniper_20160520.csv
2016-05-26T00:00:00Z,25.26662598,11.14673959,2.861174,4.231328715,9.483685686,juniper_20160520.csv
2016-05-27T00:00:00Z,21.22164307,20.44971778,2.00696157,3.882608568,4.924248534,juniper_20160520.csv
2016-05-28T00:00:00Z,25.80379639,13.98287079,2.85942691,3.645961073,3.51291592,juniper_20160520.csv
2016-05-29T00:00:00Z,29.59163818,8.672309639,3.786581881,2.50367239,3.387877745,juniper_20160520.csv
2016-05-30T00:00:00Z,29.51137695,7.6827497,3.809998664,3.423023188,5.508583037,juniper_20160520.csv
2016-05-31T00:00:00Z,27.02041016,10.16779907,3.208091601,3.485043284,4.053458808,juniper_20160520.csv
2016-06-01T00:00:00Z,30.32631836,7.626880255,3.994739953,3.101052596,4.018558199,juniper_20160520.csv
2016-06-02T00:00:00Z,31.14046631,13.00380884,3.940654193,3.135482757,3.837480027,juniper_20160520.csv
2016-06-03T00:00:00Z,34.0631958,9.87272658,4.811803132,4.271299661,5.757646388,juniper_20160520.csv
2016-06-04T00:00:00Z,37.26424561,5.431109761,6.020899496,4.24706935,5.761264502,juniper_20160520.csv
2016-06-05T00:00:00Z,38.36452637,8.068507535,6.211681791,3.52850695,3.756857132,juniper_20160520.csv
2016-06-06T00:00:00Z,37.59829102,7.356156564,6.005985695,4.36731058,6.945454536,juniper_20160520.csv
2016-06-07T00:00:00Z,36.4649292,6.960553688,5.670877084,4.314281936,8.837694302,juniper_20160520.csv
2016-06-08T00:00:00Z,33.36977539,7.322567847,4.760504626,3.288763888,5.18969563,juniper_20160520.csv
2016-06-09T00:00:00Z,32.900354,16.54195857,4.174904189,3.72046843,2.480351894,juniper_20160520.csv
2016-06-10T00:00:00Z,32.33828125,22.71466798,3.745307805,4.785912734,4.663045835,juniper_20160520.csv
2016-06-11T00:00:00Z,28.712854,32.04887852,2.676983332,5.368401054,4.686206829,juniper_20160520.csv
2016-06-12T00:00:00Z,30.35946045,24.04650939,3.289902744,3.070269399,7.129415229,juniper_20160520.csv
2016-06-13T00:00:00Z,31.01052246,15.97581296,3.777792576,3.492197036,7.464752656,juniper_20160520.csv
2016-06-14T00:00:00Z,29.11977539,11.10641895,3.58676798,4.290271695,7.349307659,juniper_20160520.csv
2016-06-15T00:00:00Z,30.77315674,8.989751916,4.037447875,3.316073301,5.082848015,juniper_20160520.csv
2016-06-16T00:00:00Z,30.84084473,7.3314787,4.126953967,4.351400843,8.431853506,juniper_20160520.csv
2016-06-17T00:00:00Z,31.51552734,9.399760479,4.192441067,3.560811174,7.386118732,juniper_20160520.csv
2016-06-18T00:00:00Z,33.69759521,6.584953149,4.887083191,2.777417,4.17808245,juniper_20160520.csv
2016-06-19T00:00:00Z,37.63704834,7.055871149,6.038167726,3.430545231,5.674014703,juniper_20160520.csv
2016-06-20T00:00:00Z,41.53017578,5.585291177,7.552323315,3.190173273,3.475459682,juniper_20160520.csv
2016-06-21T00:00:00Z,39.61312256,9.311730053,6.551968997,2.303310597,4.778037518,juniper_20160520.csv
2021-06-24T00:00:00Z,26.3019043,20.1033611,2.735033227,3.740404253,7.285759186,lava_20210624.csv
2021-06-25T00:00:00Z,23.115625,37.19534406,1.777517446,2.014113027,3.841296478,lava_20210624.csv
2021-06-26T00:00:00Z,29.52819214,19.75192315,3.314518536,2.927205338,3.71591227,lava_20210624.csv
2021-06-27T00:00:00Z,32.74907837,16.0415119,4.164493484,2.734387371,3.515216805,lava_20210624.csv
2021-06-28T00:00:00Z,35.43535767,18.32451899,4.703379884,1.160587684,2.777326984,lava_20210624.csv
2021-06-29T00:00:00Z,33.6501709,17.76589493,4.289693402,3.711666895,10.36284112,lava_20210624.csv
2021-06-30T00:00:00Z,34.53341064,10.2396337,4.918922569,2.854514424,5.636355642,lava_20210624.csv
2021-07-01T00:00:00Z,32.41341553,18.18918907,3.981899896,3.029391037,5.948003357,lava_20210624.csv
2021-07-02T00:00:00Z,31.26317749,19.18794384,3.685634143,2.774978734,4.021760264,lava_20210624.csv
2021-07-03T00:00:00Z,33.21547852,13.6548721,4.396570465,2.918558493,4.341541452,lava_20210624.csv
2021-07-04T00:00:00Z,33.73079834,14.23394599,4.49452514,2.582989109,4.321890248,lava_20210624.csv
2021-07-05T00:00:00Z,32.09188232,19.22135921,3.860973546,3.046751724,5.563523857,lava_20210624.csv
2021-07-06T00:00:00Z,33.37368164,15.86094737,4.322065132,2.399754979,3.606069374,lava_20210624.csv
2021-07-07T00:00:00Z,33.13991699,16.20169409,4.248608397,3.668497977,6.47027733,lava_20210624.csv
2021-07-08T00:00:00Z,31.59316406,13.05706905,4.040684091,2.714943943,1.335885792,lava_20210624.csv
2021-07-09T00:00:00Z,32.52767334,11.8178984,4.320335339,3.04625318,5.349310818,lava_20210624.csv
2021-07-10T00:00:00Z,35.93084106,10.2546671,5.312021708,2.975414,5.813063081,lava_20210624.csv
2021-07-11T00:00:00Z,36.36501465,13.74192472,5.227922105,2.318249415,4.300153885,lava_20210624.csv
2021-07-12T00:00:00Z,36.01851807,16.04295501,4.992488343,2.062568256,2.724342298,lava_20210624.csv
2021-07-13T00:00:00Z,33.8635498,15.51351039,4.460183093,2.616351809,3.187546005,lava_20210624.csv
2021-07-14T00:00:00Z,34.08944092,13.74126566,4.611557054,1.992595324,2.422234026,lava_20210624.csv
2021-07-15T00:00:00Z,33.01375732,14.59475011,4.299769968,2.717065864,4.144942677,lava_20210624.csv
2021-07-16T00:00:00Z,29.72542725,19.70103658,3.354422292,2.571855146,4.013487027,lava_20210624.csv
2021-07-17T00:00:00Z,28.32436523,24.35073733,2.914436351,2.678922958,4.461762926,lava_20210624.csv
2021-07-18T00:00:00Z,31.29937134,13.9231569,3.934284114,2.465644308,3.878539183,lava_20210624.csv
2021-07-19T00:00:00Z,33.14632568,6.963746638,4.719578237,2.938156882,4.937668203,lava_20210624.csv
2021-07-20T00:00:00Z,31.62087402,12.03096646,4.09487401,3.167321811,5.859881323,lava_20210624.csv
2021-07-21T00:00:00Z,31.07079468,12.90283994,3.929642781,3.484511274,6.451509813,lava_20210624.csv
2021-07-22T00:00:00Z,28.43151245,20.93758068,3.065123784,2.361808829,3.163058398,lava_20210624.csv
2021-07-23T00:00:00Z,30.79290161,14.49333067,3.79723486,2.241429256,3.945980343,lava_20210624.csv
2021-07-24T00:00:00Z,32.74178467,11.44903381,4.390960211,1.756711071,0.247225348,lava_20210624.csv
2021-07-25T00:00:00Z,32.57381592,14.95631885,4.177102697,1.96667228,2.067502479,lava_20210624.csv
2021-07-26T00:00:00Z,33.46572266,18.1626837,4.225233538,1.91753951,3.027355506,lava_20210624.csv
2022-07-29T00:00:00Z,38.39516602,14.76271637,5.767560357,0.959616971,1.627269684,mckinney_20220729.csv
2022-07-30T00:00:00Z,39.11086426,10.90676911,6.265707167,1.075928497,2.241894678,mckinney_20220729.csv
2022-07-31T00:00:00Z,34.69973145,18.58410224,4.501875881,2.674532455,1.924631248,mckinney_20220729.csv
2022-08-01T00:00:00Z,30.33156738,43.83665779,2.427605518,1.736399066,4.138824536,mckinney_20220729.csv
2022-08-02T00:00:00Z,29.37697754,37.34719323,2.564316979,1.670778748,3.653844871,mckinney_20220729.csv
2022-08-03T00:00:00Z,26.11269531,57.08986924,1.451590492,1.840978975,2.959200879,mckinney_20220729.csv
2022-08-04T00:00:00Z,34.37490234,12.07836654,4.775780011,3.266586253,6.04796217,mckinney_20220729.csv
2022-08-05T00:00:00Z,33.03798828,19.66448713,4.04948194,2.407455308,3.570820524,mckinney_20220729.csv
2022-08-06T00:00:00Z,28.48006592,33.21310255,2.595836556,1.923344814,4.764258293,mckinney_20220729.csv
2022-08-07T00:00:00Z,30.98366699,28.82024638,3.194409384,0.605162933,1.988997552,mckinney_20220729.csv
2022-08-08T00:00:00Z,33.83284912,14.21722685,4.521037709,3.931110033,5.485077197,mckinney_20220729.csv
2022-08-09T00:00:00Z,32.99660645,11.6196102,4.445588788,3.543666397,5.628414289,mckinney_20220729.csv
2022-08-10T00:00:00Z,30.39702759,16.15118739,3.640337061,4.563145464,9.087485221,mckinney_20220729.csv
2022-08-11T00:00:00Z,28.41640625,19.93325331,3.101401731,2.202169985,3.803320232,mckinney_20220729.csv
2022-08-12T00:00:00Z,30.85524902,15.01659558,3.787382775,2.290260292,4.187409345,mckinney_20220729.csv
2022-08-13T00:00:00Z,30.45839844,15.72214473,3.671844942,2.766548686,4.197464474,mckinney_20220729.csv
2022-08-14T00:00:00Z,30.0395752,14.39667686,3.641400393,2.508120435,1.654169342,mckinney_20220729.csv
2022-08-15T00:00:00Z,30.80935059,19.47211628,3.579099719,2.918959415,1.523289293,mckinney_20220729.csv
2022-08-16T00:00:00Z,31.76723633,19.66683555,3.769878889,3.501869945,1.426842048,mckinney_20220729.csv
2022-08-17T00:00:00Z,35.43325195,14.91715493,4.899552402,1.470597801,5.512967369,mckinney_20220729.csv
2022-08-18T00:00:00Z,32.56716309,16.82350456,4.083674932,0.874033791,1.912183456,mckinney_20220729.csv
2022-08-19T00:00:00Z,29.74465332,30.37236503,2.91113082,0.799972168,6.844474708,mckinney_20220729.csv
2022-08-20T00:00:00Z,31.48165283,28.95908002,3.279558169,3.399927793,3.005298557,mckinney_20220729.csv
2022-08-21T00:00:00Z,31.97969971,18.38063792,3.876620385,2.562846875,4.328872222,mckinney_20220729.csv
2022-08-22T00:00:00Z,32.42952881,19.18270617,3.937009528,3.366993822,4.930950386,mckinney_20220729.csv
2022-08-23T00:00:00Z,29.9949585,23.89691692,3.228364373,3.104811104,2.145556651,mckinney_20220729.csv
2022-08-24T00:00:00Z,30.73964844,26.42080877,3.256750746,2.879793998,1.658281314,mckinney_20220729.csv
2022-08-25T00:00:00Z,33.23909912,22.22175233,3.964670393,2.800085767,3.732528217,mckinney_20220729.csv
2022-08-26T00:00:00Z,33.52346191,19.25109039,4.182371039,2.486735016,2.251241602,mckinney_20220729.csv
2022-08-27T00:00:00Z,30.89315186,24.63893334,3.365051927,3.35134282,7.063323073,mckinney_20220729.csv
2022-08-28T00:00:00Z,27.81398926,28.97363758,2.656107181,2.999661443,6.914703023,mckinney_20220729.csv
2022-08-29T00:00:00Z,31.82436523,21.16275156,3.711504027,2.118320805,3.03884251,mckinney_20220729.csv
2022-08-30T00:00:00Z,34.13430176,16.20598533,4.490667469,0.381897398,2.714825317,mckinney_20220729.csv
2018-07-26T00:00:00Z,31.31984863,16.29439099,3.830157061,2.974472327,5.658903802,mesa_20180726.csv
2018-07-27T00:00:00Z,30.31618652,16.78042222,3.596318636,2.952650463,5.821580085,mesa_20180726.csv
2018-07-28T00:00:00Z,29.47451172,15.07540575,3.497175824,3.425604288,6.581256025,mesa_20180726.csv
2018-07-29T00:00:00Z,30.03261719,14.58338004,3.631998139,3.673632366,6.336819297,mesa_20180726.csv
2018-07-30T00:00:00Z,30.12606201,16.20814519,3.581919989,2.56190138,4.089247301,mesa_20180726.csv
2018-07-31T00:00:00Z,30.57088623,18.44265448,3.575999415,1.998403785,3.588953523,mesa_20180726.csv
2018-08-01T00:00:00Z,29.0486084,19.03972626,3.252869488,2.436502317,7.534331198,mesa_20180726.csv
2018-08-02T00:00:00Z,31.38613281,20.91874432,3.631788354,2.410116754,5.254622583,mesa_20180726.csv
2018-08-03T00:00:00Z,28.42171631,13.90360708,3.336318073,3.630533228,6.849521049,mesa_20180726.csv
2018-08-04T00:00:00Z,23.96981201,18.83937842,2.418709891,3.609861535,6.603195632,mesa_20180726.csv
2018-08-05T00:00:00Z,24.22145996,17.38179729,2.499582836,2.709944844,3.914197966,mesa_20180726.csv
2018-08-06T00:00:00Z,24.87508545,24.3133911,2.380810273,2.113085947,2.061395489,mesa_20180726.csv
2018-08-07T00:00:00Z,27.64473877,19.19140223,2.992826347,3.114662867,4.555687167,mesa_20180726.csv
2018-08-08T00:00:00Z,29.80819092,17.1921503,3.475879926,2.180468783,3.62174265,mesa_20180726.csv
2018-08-09T00:00:00Z,32.29805908,15.76072812,4.073802067,2.446462654,2.545827007,mesa_20180726.csv
2018-08-10T00:00:00Z,34.03212891,14.17720329,4.573599029,2.351581693,2.351498483,mesa_20180726.csv
2018-08-11T00:00:00Z,34.36501465,12.92950107,4.726849042,2.240978506,2.049497498,mesa_20180726.csv
2018-08-12T00:00:00Z,31.8477417,14.56757343,4.027956639,4.699166626,11.47693931,mesa_20180726.csv
2018-08-13T00:00:00Z,25.87624512,17.26201439,2.762142626,2.814157126,3.916876745,mesa_20180726.csv
2018-08-14T00:00:00Z,27.28139648,17.33703493,2.997311473,2.438762609,3.476931948,mesa_20180726.csv
2018-08-15T00:00:00Z,28.71572266,13.04941721,3.427333474,2.131280704,3.120458577,mesa_20180726.csv
2018-08-16T00:00:00Z,30.45888672,16.52077261,3.637092285,2.306450216,3.169777198,mesa_20180726.csv
2018-08-17T00:00:00Z,29.61379395,17.74437955,3.414334487,2.810654387,4.324878136,mesa_20180726.csv
2018-08-18T00:00:00Z,25.65297852,21.30060606,2.592711993,2.727353679,5.40158643,mesa_20180726.csv
2018-08-19T00:00:00Z,26.93117676,22.82832425,2.74116032,2.100632281,3.500712397,mesa_20180726.csv
2018-08-20T00:00:00Z,27.4190918,20.88532089,2.891669976,1.633170765,1.777144736,mesa_20180726.csv
2018-08-21T00:00:00Z,18.65126953,53.91563476,0.991483445,3.78412414,7.114428785,mesa_20180726.csv
2018-08-22T00:00:00Z,22.1022583,34.56889176,1.741666285,1.926759399,1.4133816,mesa_20180726.csv
2018-08-23T00:00:00Z,21.5453125,34.79721089,1.677665604,1.830214143,5.231468287,mesa_20180726.csv
2018-08-24T00:00:00Z,24.2048584,23.26418725,2.31916786,2.597365557,7.800356122,mesa_20180726.csv
2018-08-25T00:00:00Z,21.43422852,26.73853188,1.872424088,3.199984467,6.08749541,mesa_20180726.csv
2018-08-26T00:00:00Z,21.07497559,25.08214499,1.873128048,3.41288264,6.752214466,mesa_20180726.csv
2018-08-27T00:00:00Z,12.70766602,68.08009267,0.469651609,2.328150949,10.57608904,mesa_20180726.csv
2021-06-01T00:00:00Z,31.82470093,13.31722455,4.081698194,4.088856688,3.847312031,mescal_20210601.csv
2021-06-02T00:00:00Z,34.21138916,8.868486786,4.905764145,2.392359067,1.754596003,mescal_20210601.csv
2021-06-03T00:00:00Z,34.40773926,8.758021877,4.965555197,5.289055086,8.067855119,mescal_20210601.csv
2021-06-04T00:00:00Z,35.10961304,9.597766889,5.114587536,5.938908977,7.772988176,mescal_20210601.csv
2021-06-05T00:00:00Z,35.59078369,7.693209998,5.362861594,5.809431024,8.712687165,mescal_20210601.csv
2021-06-06T00:00:00Z,35.00194702,10.8141588,5.015714944,7.223065406,12.25949788,mescal_20210601.csv
2021-06-07T00:00:00Z,34.27044067,9.748920055,4.874240552,4.840702379,7.88403969,mescal_20210601.csv
2021-06-08T00:00:00Z,33.6559082,6.709095167,4.869245582,4.403476865,8.174249783,mescal_20210601.csv
2021-06-09T00:00:00Z,32.1211792,5.565551741,4.522277162,4.373841277,6.686769774,mescal_20210601.csv
2021-06-10T00:00:00Z,34.69176636,6.96958188,5.143377822,4.42006003,5.145180025,mescal_20210601.csv
2021-06-11T00:00:00Z,34.0402771,9.713977673,4.814154281,3.782584422,7.531161767,mescal_20210601.csv
2021-06-12T00:00:00Z,36.4420105,4.668494328,5.803524005,3.441967898,4.496286955,mescal_20210601.csv
2021-06-13T00:00:00Z,39.54369507,3.452678267,6.950542803,4.425276658,6.266727689,mescal_20210601.csv
2021-06-14T00:00:00Z,40.87236938,5.548990977,7.297272508,5.025938978,4.361663624,mescal_20210601.csv
2021-06-15T00:00:00Z,40.92263184,7.302585199,7.180454816,4.566735784,5.353191541,mescal_20210601.csv
2021-06-16T00:00:00Z,40.81789551,10.02929366,6.930004464,2.914083574,5.486567304,mescal_20210601.csv
2021-06-17T00:00:00Z,40.24590454,10.38612795,6.696107264,2.025394278,2.04326068,mescal_20210601.csv
2007-09-03T00:00:00Z,31.29458008,7.804517152,4.21319924,3.461924101,5.339170298,moonlight_20070903.csv
2007-09-04T00:00:00Z,29.42739258,10.04410318,3.694589298,4.695083139,11.78332876,moonlight_20070903.csv
2007-09-05T00:00:00Z,22.05706177,27.41822329,1.926862822,3.83682029,7.846086294,moonlight_20070903.csv
2007-09-06T00:00:00Z,23.34951172,25.94765778,2.125945111,2.558686016,5.08466573,moonlight_20070903.csv
2007-09-07T00:00:00Z,27.27602539,18.07025481,2.969760215,0.510065322,2.149270642,moonlight_20070903.csv
2007-09-08T00:00:00Z,28.15603027,15.69263232,3.216912698,3.630534685,4.866719866,moonlight_20070903.csv
2007-09-09T00:00:00Z,28.84395752,14.71054415,3.386802358,1.719643227,3.544327571,moonlight_20070903.csv
2007-09-10T00:00:00Z,28.46138916,14.11673429,3.335713843,1.251616186,1.830269697,moonlight_20070903.csv
2007-09-11T00:00:00Z,27.53688965,9.850317337,3.318194136,2.200070665,2.091167737,moonlight_20070903.csv
2007-09-12T00:00:00Z,29.79711304,11.9438956,3.694162251,2.277405213,3.456049963,moonlight_20070903.csv
2007-09-13T00:00:00Z,26.9883667,16.47398873,2.977122635,3.622745144,5.331972769,moonlight_20070903.csv
2007-09-14T00:00:00Z,18.96416626,19.82849037,1.759289818,3.757616354,11.17426017,moonlight_20070903.csv
2007-09-15T00:00:00Z,19.01455078,27.64763698,1.592671599,3.425311779,4.468442887,moonlight_20070903.csv
2007-09-16T00:00:00Z,21.52034912,23.4328076,1.967292298,3.482494175,6.306024697,moonlight_20070903.csv
2007-09-17T00:00:00Z,21.64986572,18.05319392,2.122294902,3.065396253,4.355497063,moonlight_20070903.csv
2007-09-18T00:00:00Z,22.16225586,21.0526208,2.109423248,1.965178797,3.876153362,moonlight_20070903.csv
2007-09-19T00:00:00Z,20.11998901,25.30209187,1.7610321,3.787524013,5.835067898,moonlight_20070903.csv
2013-07-15T00:00:00Z,31.66530762,30.45775709,3.243791126,2.870598008,2.662094182,mountain_20130715.csv
2013-07-16T00:00:00Z,29.8421875,29.77156225,2.952768087,4.199055426,5.340655842,mountain_20130715.csv
2013-07-17T00:00:00Z,30.5486084,15.80637434,3.68710844,3.730283802,8.792393993,mountain_20130715.csv
2013-07-18T00:00:00Z,32.23513184,10.46758714,4.314941085,3.22136574,3.896510573,mountain_20130715.csv
2013-07-19T00:00:00Z,33.28237305,18.97470733,4.140575023,3.058016969,0.644992776,mountain_20130715.csv
2013-07-20T00:00:00Z,33.22414551,17.67952023,4.193234856,2.680361179,3.405061186,mountain_20130715.csv
2013-07-21T00:00:00Z,26.7973877,58.08580317,1.476106705,0.689296008,5.276600848,mountain_20130715.csv
2013-07-22T00:00:00Z,21.96206055,81.39015066,0.490803825,0.311899204,1.102632174,mountain_20130715.csv
2013-07-23T00:00:00Z,25.30593262,67.200399,1.057673354,2.086218496,2.045997033,mountain_20130715.csv
2013-07-24T00:00:00Z,25.57375488,59.30903805,1.333333499,3.059542471,4.046434567,mountain_20130715.csv
2013-07-25T00:00:00Z,28.23598633,46.96960178,2.031554542,3.136763069,0.962554056,mountain_20130715.csv
2013-07-26T00:00:00Z,29.35634766,40.94383547,2.41403071,2.840133628,1.629108007,mountain_20130715.csv
2013-07-27T00:00:00Z,27.47634277,49.44249563,1.852979825,1.279418272,4.117811298,mountain_20130715.csv
2013-07-28T00:00:00Z,28.21413574,45.67530638,2.07856322,2.664425473,1.993965948,mountain_20130715.csv
2013-07-29T00:00:00Z,27.39345703,26.80565088,2.67098344,3.681118131,3.069558826,mountain_20130715.csv
2013-07-30T00:00:00Z,28.80056152,24.79359797,2.978354343,2.885145616,4.885879145,mountain_20130715.csv
2013-07-31T00:00:00Z,29.58083496,32.91918568,2.778218597,1.954107569,9.257728833,mountain_20130715.csv
2017-08-08T00:00:00Z,34.66710815,13.07644569,4.798523111,2.523575884,3.694653749,nenasprings_20170808.csv
2017-08-09T00:00:00Z,36.08049927,9.997677688,5.371160686,2.535107228,3.551314209,nenasprings_20170808.csv
2017-08-10T00:00:00Z,36.39260254,12.2570979,5.326187916,3.243397238,4.47597433,nenasprings_20170808.csv
2017-08-11T00:00:00Z,35.0475708,14.0487796,4.845565911,1.682400808,1.35990113,nenasprings_20170808.csv
2017-08-12T00:00:00Z,32.50179443,23.64701819,3.734227622,3.412419712,3.315888175,nenasprings_20170808.csv
2017-08-13T00:00:00Z,29.03685913,29.96906714,2.81117166,4.891320199,8.230958437,nenasprings_20170808.csv
2017-08-14T00:00:00Z,20.89241943,48.2559033,1.278988239,4.494219514,8.449707922,nenasprings_20170808.csv
2017-08-15T00:00:00Z,24.18013916,20.69381833,2.393377666,1.70842656,5.03498408,nenasprings_20170808.csv
2017-08-16T00:00:00Z,28.15480957,12.92514606,3.322397584,3.629864694,3.412121926,nenasprings_20170808.csv
2017-08-17T00:00:00Z,30.78002319,23.23935168,3.405661548,5.532731512,9.590973776,nenasprings_20170808.csv
2017-08-18T00:00:00Z,30.62770996,11.90884726,3.875522071,3.825111018,7.079585502,nenasprings_20170808.csv
2017-08-19T00:00:00Z,29.4218689,19.25049457,3.314927968,5.624729664,10.46674647,nenasprings_20170808.csv
2017-08-20T00:00:00Z,27.91085205,21.01382074,2.970942868,3.208692482,7.461590721,nenasprings_20170808.csv
2017-08-21T00:00:00Z,28.57143555,19.45676331,3.148039785,3.307690304,4.725974567,nenasprings_20170808.csv
2017-08-22T00:00:00Z,30.49984131,19.84576086,3.500147523,2.576263789,5.359629214,nenasprings_20170808.csv
2017-08-23T00:00:00Z,33.45116577,18.90871433,4.183226367,2.797126627,11.43953667,nenasprings_20170808.csv
2017-08-24T00:00:00Z,29.34581909,26.88519925,2.987900064,2.06182589,5.878471327,nenasprings_20170808.csv
2012-09-09T00:00:00Z,24.13271484,33.61670203,1.99734342,2.338702648,7.592055378,polecrk_20120909.csv
2012-09-10T00:00:00Z,19.00771484,26.51012171,1.617031049,4.538583769,10.45321908,polecrk_20120909.csv
2012-09-11T00:00:00Z,15.75649414,41.13478068,1.054965457,2.997459927,8.452479147,polecrk_20120909.csv
2012-09-12T00:00:00Z,20.12197266,15.85169725,1.984102979,2.501941286,2.858220324,polecrk_20120909.csv
2012-09-13T00:00:00Z,21.80147705,16.628372,2.179269858,4.058618878,5.069243248,polecrk_20120909.csv
2012-09-14T00:00:00Z,28.81420288,11.42830557,3.511245018,2.088730786,3.557570984,polecrk_20120909.csv
2012-09-15T00:00:00Z,26.84401855,23.14819886,2.715865459,3.076533984,2.799232666,polecrk_20120909.csv
2012-09-16T00:00:00Z,23.5274292,29.87209703,2.034854964,3.182447586,3.018795866,polecrk_20120909.csv
2012-09-17T00:00:00Z,25.44121704,13.64401776,2.809702814,2.434399104,0.203117598,polecrk_20120909.csv
2012-09-18T00:00:00Z,27.30773315,16.29528003,3.03980728,2.387892035,1.439954287,polecrk_20120909.csv
2012-09-19T00:00:00Z,27.48793945,17.57064714,3.025123959,2.015965482,1.805718059,polecrk_20120909.csv
2012-09-20T00:00:00Z,28.4348999,16.95354385,3.220442425,1.928960003,2.525184038,polecrk_20120909.csv
2012-09-21T00:00:00Z,26.81533203,22.42691451,2.736778449,2.151654796,6.976376312,polecrk_20120909.csv
2012-09-22T00:00:00Z,21.3364502,42.24052432,1.467160278,2.45877847,8.510130674,polecrk_20120909.csv
2012-09-23T00:00:00Z,18.19765625,24.36186435,1.582144665,3.522132659,7.576186242,polecrk_20120909.csv
2012-09-24T00:00:00Z,16.12520752,41.40878429,1.075045321,2.067971347,2.36755263,polecrk_20120909.csv
2012-09-25T00:00:00Z,20.25380859,44.82065398,1.311416069,2.800823766,5.042277384,polecrk_20120909.csv
2018-08-02T00:00:00Z,25.74550781,29.11655953,2.347748616,2.40378167,6.001781916,rabbitfoot_20180802.csv
2018-08-03T00:00:00Z,26.71660767,11.47714858,3.105455032,5.024984814,10.91019722,rabbitfoot_20180802.csv
2018-08-04T00:00:00Z,23.12212524,9.227187894,2.570649773,4.513564297,8.901839334,rabbitfoot_20180802.csv
2018-08-05T00:00:00Z,22.34649048,14.77325966,2.302896269,3.766465261,7.445555586,rabbitfoot_20180802.csv
2018-08-06T00:00:00Z,20.36724243,26.09667025,1.769077275,1.583648942,2.309725252,rabbitfoot_20180802.csv
2018-08-07T00:00:00Z,24.82442627,15.86085496,2.638970505,1.614154834,2.693873034,rabbitfoot_20180802.csv
2018-08-08T00:00:00Z,26.14608154,15.10522739,2.87973215,2.557344459,4.119869761,rabbitfoot_20180802.csv
2018-08-09T00:00:00Z,29.60079346,12.66666391,3.622718799,2.447969438,4.377168868,rabbitfoot_20180802.csv
2018-08-10T00:00:00Z,30.99309692,9.738154269,4.054675528,1.670993937,2.628233936,rabbitfoot_20180802.csv
2018-08-11T00:00:00Z,32.25957642,9.100016708,4.386988728,1.04870275,2.111060805,rabbitfoot_20180802.csv
2018-08-12T00:00:00Z,27.32628784,19.42606356,2.929149522,2.271781288,8.379995139,rabbitfoot_20180802.csv
2018-08-13T00:00:00Z,26.49730835,12.30254231,3.037071904,4.218012238,9.498523865,rabbitfoot_20180802.csv
2018-08-14T00:00:00Z,25.70525513,13.48244104,2.859350628,3.474738487,6.777822098,rabbitfoot_20180802.csv
2018-08-15T00:00:00Z,26.78212891,8.761554429,3.213079307,3.028909929,5.468977342,rabbitfoot_20180802.csv
2018-08-16T00:00:00Z,27.87877808,9.442903986,3.400315696,2.234797975,3.591494476,rabbitfoot_20180802.csv
2018-08-17T00:00:00Z,25.74663696,16.90431034,2.752913157,2.468384297,4.258528256,rabbitfoot_20180802.csv
2018-08-18T00:00:00Z,16.61000977,59.03402192,0.775073192,1.351820123,1.803744054,rabbitfoot_20180802.csv
2018-08-19T00:00:00Z,21.99953613,26.54533309,1.943238092,2.565664414,4.826546289,rabbitfoot_20180802.csv
2018-08-20T00:00:00Z,23.2706543,25.48591285,2.129071145,1.376033315,2.841816086,rabbitfoot_20180802.csv
2018-08-21T00:00:00Z,12.47548828,76.46866008,0.340986073,2.413593925,5.297967923,rabbitfoot_20180802.csv
2018-08-22T00:00:00Z,16.98308716,43.7058736,1.090695651,1.440453223,2.568586291,rabbitfoot_20180802.csv
2018-08-23T00:00:00Z,15.93981323,44.7249172,1.002265515,1.704775287,4.714601651,rabbitfoot_20180802.csv
2018-08-24T00:00:00Z,23.37871704,21.0639953,2.270257922,2.600420381,5.197038879,rabbitfoot_20180802.csv
2018-08-25T00:00:00Z,20.33071289,19.80151109,1.915502168,4.060315333,8.78703208,rabbitfoot_20180802.csv
2018-08-26T00:00:00Z,19.56130371,23.60157073,1.739910875,3.955791868,9.516098531,rabbitfoot_20180802.csv
2018-08-27T00:00:00Z,13.21352539,42.61093532,0.872839398,4.210040845,9.200567497,rabbitfoot_20180802.csv
2018-08-28T00:00:00Z,7.879968262,82.46140685,0.186999224,2.345472811,8.493389992,rabbitfoot_20180802.csv
2018-08-29T00:00:00Z,18.55318604,28.17980757,1.536082345,1.53376065,3.123108104,rabbitfoot_20180802.csv
2018-08-30T00:00:00Z,22.22399292,21.58152838,2.10316198,3.660899969,7.511039253,rabbitfoot_20180802.csv
2018-08-31T00:00:00Z,20.2164856,25.35221729,1.770366348,4.640177745,10.45642103,rabbitfoot_20180802.csv
2018-09-01T00:00:00Z,19.89550171,23.65565306,1.775055617,2.543127461,4.778601011,rabbitfoot_20180802.csv
2018-09-02T00:00:00Z,21.10018311,20.91770252,1.980356192,2.488074902,4.447966576,rabbitfoot_20180802.csv
2018-09-03T00:00:00Z,22.58391724,17.68182682,2.256564132,2.309742566,4.082140683,rabbitfoot_20180802.csv
2007-10-21T00:00:00Z,17.45876465,30.73956458,1.382949715,4.198774971,15.66604958,ranch_20071021.csv
2007-10-22T00:00:00Z,18.98220215,9.996041879,1.977100848,5.948271976,7.555145499,ranch_20071021.csv
2007-10-23T00:00:00Z,20.71102295,7.895640641,2.251805042,5.422662294,10.56540473,ranch_20071021.csv
2007-10-24T00:00:00Z,25.7463623,12.59357756,2.895778093,4.675407974,12.25963878,ranch_20071021.csv
2007-10-25T00:00:00Z,27.58254395,10.05860175,3.319360083,2.402458215,2.003167136,ranch_20071021.csv
2007-10-26T00:00:00Z,25.28328857,20.35137238,2.567130848,2.116191555,3.78341511,ranch_20071021.csv
2007-10-27T00:00:00Z,20.14510498,26.90408294,1.725922708,2.151847832,7.984169761,ranch_20071021.csv
2007-10-28T00:00:00Z,15.56691895,50.07835987,0.883857412,1.681331469,12.17062412,ranch_20071021.csv
2007-10-29T00:00:00Z,23.72609863,43.06309111,1.67160059,0.765371916,8.673395796,ranch_20071021.csv
2016-08-18T00:00:00Z,30.35085449,19.73447022,3.47531824,2.82655823,3.657376779,rey_20160818.csv
2016-08-19T00:00:00Z,31.13466797,13.25187845,3.928104453,2.001389319,4.520114527,rey_20160818.csv
2016-08-20T00:00:00Z,29.71486816,20.10972256,3.335298122,2.675141084,8.908725049,rey_20160818.csv
2016-08-21T00:00:00Z,29.24379883,26.95241918,2.96766258,1.796744772,5.03335569,rey_20160818.csv
2016-08-22T00:00:00Z,28.37282715,33.39650464,2.57265946,2.411549408,3.855982498,rey_20160818.csv
2016-08-23T00:00:00Z,27.42092285,35.82816638,2.345059844,1.50000559,2.887519071,rey_20160818.csv
2016-08-24T00:00:00Z,29.50393066,26.25310505,3.041313753,3.420923013,1.386374048,rey_20160818.csv
2016-08-25T00:00:00Z,29.23842773,27.26896327,2.95386699,3.284121445,3.292879171,rey_20160818.csv
2016-08-26T00:00:00Z,28.42519531,30.06152624,2.709892841,2.23517199,3.441286675,rey_20160818.csv
2016-08-27T00:00:00Z,26.40114746,38.37874157,2.12108694,2.920845934,3.970368433,rey_20160818.csv
2016-08-28T00:00:00Z,26.9293457,30.68714055,2.461386977,2.839734114,5.148120187,rey_20160818.csv
2016-08-29T00:00:00Z,29.46889648,22.77572067,3.178561096,2.958503635,2.351383563,rey_20160818.csv
2016-08-30T00:00:00Z,30.40981445,22.2375249,3.378106707,3.634370419,1.907629965,rey_20160818.csv
2016-08-31T00:00:00Z,29.46102295,27.33616096,2.989188662,2.862263389,3.463030586,rey_20160818.csv
2016-09-01T00:00:00Z,29.45925293,28.34154934,2.947460309,2.579464295,7.323775966,rey_20160818.csv
2016-09-02T00:00:00Z,27.53591309,32.79835501,2.472476239,2.050424961,8.298979363,rey_20160818.csv
2016-09-03T00:00:00Z,27.00930176,33.75617269,2.363302473,2.357040473,6.665065553,rey_20160818.csv
2018-09-15T00:00:00Z,22.82738647,13.28402319,2.412450548,1.704835018,4.543621006,ryan_20180915.csv
2018-09-16T00:00:00Z,23.39351807,13.23638485,2.497714991,2.254229068,6.227897207,ryan_20180915.csv
2018-09-17T00:00:00Z,22.53469238,19.36979374,2.203686586,2.461449716,6.81037705,ryan_20180915.csv
2018-09-18T00:00:00Z,20.16896973,28.17077613,1.698499845,1.830589207,4.508375616,ryan_20180915.csv
2018-09-19T00:00:00Z,21.80761108,22.52461238,2.025850572,3.94353826,9.768481799,ryan_20180915.csv
2018-09-20T00:00:00Z,12.91726074,57.8162571,0.62926412,2.956766839,8.610080817,ryan_20180915.csv
2018-09-21T00:00:00Z,14.09905396,14.12685161,1.383169707,5.468428214,11.75494752,ryan_20180915.csv
2018-09-22T00:00:00Z,17.76595459,15.03345067,1.72965708,2.248910888,5.769505737,ryan_20180915.csv
2018-09-23T00:00:00Z,19.08721313,12.69213792,1.930553516,2.307935835,6.435429523,ryan_20180915.csv
2018-09-24T00:00:00Z,15.8270813,30.44479487,1.252221746,3.564905231,9.469018972,ryan_20180915.csv
2018-09-25T00:00:00Z,13.34017334,29.65746573,1.078701884,3.366255129,9.704453795,ryan_20180915.csv
2018-09-26T00:00:00Z,10.6710144,20.04780561,1.028317492,2.775227287,5.139075342,ryan_20180915.csv
2018-09-27T00:00:00Z,11.68081055,18.59312501,1.119500362,3.747533699,9.23179683,ryan_20180915.csv
2018-09-28T00:00:00Z,13.78374634,27.29576667,1.147535419,3.718218216,9.855153622,ryan_20180915.csv
2018-09-29T00:00:00Z,13.60454712,26.98675066,1.139072475,3.807686805,10.48230258,ryan_20180915.csv
2018-09-30T00:00:00Z,16.31362305,22.19209665,1.44491088,2.511827871,8.466778771,ryan_20180915.csv
2018-10-01T00:00:00Z,14.99407349,32.49945472,1.152064253,4.595995224,13.07339302,ryan_20180915.csv
2018-10-02T00:00:00Z,15.27633057,34.62282603,1.1362299,2.927407099,8.480851729,ryan_20180915.csv
2018-10-03T00:00:00Z,14.07991943,60.00829688,0.643402723,3.684471418,8.975108463,ryan_20180915.csv
2018-10-04T00:00:00Z,12.81957397,64.04789879,0.53287627,0.981761077,5.07496156,ryan_20180915.csv
2018-10-05T00:00:00Z,5.752679443,93.76830352,0.057421127,5.316793498,15.55248397,ryan_20180915.csv
2018-10-06T00:00:00Z,2.615136719,78.76199843,0.157053393,2.510411334,5.070468943,ryan_20180915.csv
2018-10-07T00:00:00Z,4.394311523,77.4215817,0.18927931,1.281556016,2.318193416,ryan_20180915.csv
2018-10-08T00:00:00Z,4.320245361,93.69892517,0.052551184,2.618097644,6.678912738,ryan_20180915.csv
2018-10-09T00:00:00Z,0.532098389,90.00653163,0.063659108,1.472757193,2.69202626,ryan_20180915.csv
2018-10-10T00:00:00Z,0.866723633,77.31767055,0.148009266,1.341543658,2.572305316,ryan_20180915.csv
2018-10-11T00:00:00Z,-1.064031982,89.94073882,0.057053079,1.605344432,4.931657737,ryan_20180915.csv
2018-10-12T00:00:00Z,1.259362793,83.82135925,0.108599788,2.391952276,7.784954409,ryan_20180915.csv
2018-10-13T00:00:00Z,3.023950195,59.44143985,0.308714602,2.513176197,7.928610237,ryan_20180915.csv
2018-10-14T00:00:00Z,2.724908447,79.09447683,0.155804442,2.554316408,8.162708528,ryan_20180915.csv
2018-10-15T00:00:00Z,-8.049047852,75.95300439,0.080485505,2.282483289,5.348028937,ryan_20180915.csv
2018-10-16T00:00:00Z,0.32052002,40.12948995,0.375382373,1.917268851,2.056506806,ryan_20180915.csv
2018-10-17T00:00:00Z,1.782617188,62.18844587,0.26347447,1.842998558,6.891214681,ryan_20180915.csv
2016-07-22T00:00:00Z,34.9331604,15.16526962,4.752344901,2.700231352,4.598938065,sand_20160722.csv
2016-07-23T00:00:00Z,37.93416748,12.35476492,5.785282722,2.938776602,5.376857444,sand_20160722.csv
2016-07-24T00:00:00Z,34.49019775,26.60247361,4.010679014,4.07861792,4.859347475,sand_20160722.csv
2016-07-25T00:00:00Z,31.95479736,26.31716206,3.494013989,4.376099481,5.284867676,sand_20160722.csv
2016-07-26T00:00:00Z,33.82402954,19.13798232,4.25901909,3.685945569,2.901802842,sand_20160722.csv
2016-07-27T00:00:00Z,34.5694519,27.24106168,3.993194508,3.466914623,2.81490413,sand_20160722.csv
2016-07-28T00:00:00Z,33.58120117,28.30541329,3.724386021,3.561025672,2.411822829,sand_20160722.csv
2016-07-29T00:00:00Z,34.17626343,30.34097024,3.740248486,2.891595367,3.586267253,sand_20160722.csv
2016-07-30T00:00:00Z,34.61419067,30.79125158,3.807338176,3.789267502,3.55888374,sand_20160722.csv
2016-07-31T00:00:00Z,31.30446777,39.3870692,2.769413333,4.686430057,7.147961266,sand_20160722.csv
2016-08-01T00:00:00Z,29.78499756,41.76887161,2.439594848,4.740151699,4.302825207,sand_20160722.csv
2016-08-02T00:00:00Z,29.74266968,42.47875467,2.403967707,4.64012395,5.432501609,sand_20160722.csv
2016-08-03T00:00:00Z,30.85018311,40.28802287,2.658683228,3.68597373,4.930874099,sand_20160722.csv
2016-08-04T00:00:00Z,28.73500977,40.22396151,2.357489606,5.063297852,1.914110627,sand_20160722.csv
2016-08-05T00:00:00Z,30.21444092,36.37746362,2.732200497,3.940988774,5.758370011,sand_20160722.csv
2016-08-06T00:00:00Z,28.90041504,38.26757363,2.458137495,4.051406637,6.308151184,sand_20160722.csv
2016-08-07T00:00:00Z,29.09249268,33.16292698,2.691386148,3.551633958,2.329833845,sand_20160722.csv
2020-09-02T00:00:00Z,27.53087769,19.79789782,2.950667294,5.83104837,12.50584485,sarpy_20200902.csv
2020-09-03T00:00:00Z,28.54360352,17.45090604,3.221358294,10.15613679,19.71500763,sarpy_20200902.csv
2020-09-04T00:00:00Z,25.97664795,24.81217549,2.524749989,1.255293557,18.10535863,sarpy_20200902.csv
2020-09-05T00:00:00Z,29.75936279,18.38952872,3.41595094,1.406755489,10.2154206,sarpy_20200902.csv
2020-09-06T00:00:00Z,36.13060913,6.700454494,5.583676248,5.12777009,16.13375071,sarpy_20200902.csv
2020-09-07T00:00:00Z,23.48415527,31.60117527,1.979474711,5.953352944,15.30792641,sarpy_20200902.csv
2020-09-08T00:00:00Z,4.597619629,93.15475398,0.058207774,6.073385264,8.447884082,sarpy_20200902.csv
2020-09-09T00:00:00Z,9.686334229,32.62007263,0.811564736,0.437255495,3.09889613,sarpy_20200902.csv
2020-09-10T00:00:00Z,18.7472168,27.75885718,1.563931431,2.458381492,3.042110607,sarpy_20200902.csv
2014-08-01T00:00:00Z,25.68007813,31.89161278,2.247009992,2.155308764,4.518374683,sforkcplx_20140801.csv
2014-08-02T00:00:00Z,30.87441406,18.47515233,3.636941809,0.411775622,1.719513957,sforkcplx_20140801.csv
2014-08-03T00:00:00Z,27.14324341,25.67685595,2.672841498,1.724414767,4.327762064,sforkcplx_20140801.csv
2014-08-04T00:00:00Z,29.58483276,24.44878269,3.130376347,3.122069904,2.769813572,sforkcplx_20140801.csv
2014-08-05T00:00:00Z,28.50490723,20.19589507,3.107110112,4.158975947,6.710922402,sforkcplx_20140801.csv
2014-08-06T00:00:00Z,28.84768066,19.02348951,3.215988548,3.770904193,5.248620634,sforkcplx_20140801.csv
2014-08-07T00:00:00Z,27.14345703,19.66309167,2.889451625,3.727022162,5.055314999,sforkcplx_20140801.csv
2014-08-08T00:00:00Z,29.43370972,13.21551612,3.565491956,2.742941672,3.044105786,sforkcplx_20140801.csv
2014-08-09T00:00:00Z,26.52367554,18.43974563,2.82873606,3.903057281,3.827900648,sforkcplx_20140801.csv
2014-08-10T00:00:00Z,29.62587891,16.25096641,3.478839198,3.252098548,1.890805454,sforkcplx_20140801.csv
2014-08-11T00:00:00Z,28.16707764,24.87257026,2.86799746,1.889058081,4.539697282,sforkcplx_20140801.csv
2014-08-12T00:00:00Z,28.32229004,17.14577915,3.192060002,0.653707556,4.234981183,sforkcplx_20140801.csv
2014-08-13T00:00:00Z,19.82686768,36.58110008,1.468140291,4.698134364,9.337703011,sforkcplx_20140801.csv
2014-08-14T00:00:00Z,21.43172607,27.00415979,1.865345299,2.810528135,7.573639105,sforkcplx_20140801.csv
2014-08-15T00:00:00Z,18.91350708,44.95903194,1.203827004,0.956251559,6.25125293,sforkcplx_20140801.csv
2014-08-16T00:00:00Z,23.26976929,33.94921404,1.886938323,3.258057974,7.787812993,sforkcplx_20140801.csv
2014-08-17T00:00:00Z,27.64031372,22.02946487,2.886827542,3.205609951,3.967265384,sforkcplx_20140801.csv
2014-08-18T00:00:00Z,27.19106445,25.69012265,2.679852471,2.390583961,0.319461824,sforkcplx_20140801.csv
2014-08-19T00:00:00Z,29.87081299,21.38683586,3.311388538,2.438293965,0.916993258,sforkcplx_20140801.csv
2014-08-20T00:00:00Z,26.47445068,20.48376667,2.749788226,4.428481212,7.861360767,sforkcplx_20140801.csv
2014-08-21T00:00:00Z,23.29683838,30.69234222,1.983304891,3.909960372,5.595258574,sforkcplx_20140801.csv
2014-08-22T00:00:00Z,24.38631592,11.46465087,2.705217037,3.000485985,4.614259996,sforkcplx_20140801.csv
2014-08-23T00:00:00Z,19.55574951,33.79297891,1.507193922,4.397422298,7.395112571,sforkcplx_20140801.csv
2014-08-24T00:00:00Z,19.88161621,34.49085535,1.521705874,3.200380937,3.358886963,sforkcplx_20140801.csv
2014-08-25T00:00:00Z,21.33327637,27.70989248,1.83620936,2.016808861,2.390159352,sforkcplx_20140801.csv
2014-08-26T00:00:00Z,21.05172119,31.51262777,1.709812886,3.448171659,4.391808573,sforkcplx_20140801.csv
2014-08-27T00:00:00Z,26.71846924,18.6687073,2.85326615,2.164629135,1.51162168,sforkcplx_20140801.csv
2014-08-28T00:00:00Z,30.43306885,17.18045005,3.602984738,2.087548778,3.71202656,sforkcplx_20140801.csv
2014-08-29T00:00:00Z,28.20263062,13.65538508,3.303671896,4.091670004,5.829032352,sforkcplx_20140801.csv
2014-08-30T00:00:00Z,25.97484741,18.355769,2.741518864,3.782266707,5.712988585,sforkcplx_20140801.csv
2014-08-31T00:00:00Z,10.62062988,90.8320144,0.117529921,1.427715623,14.24279596,sforkcplx_20140801.csv
2014-09-01T00:00:00Z,19.09731445,31.12976104,1.523823024,3.34997665,5.621194064,sforkcplx_20140801.csv
2014-09-02T00:00:00Z,22.05440674,27.69310337,1.919249896,1.883207255,4.789325095,sforkcplx_20140801.csv
2018-07-15T00:00:00Z,35.09798584,16.83540369,4.701138491,2.361701897,3.33315517,taylorcreek_20180715.csv
2018-07-16T00:00:00Z,33.6491333,20.82489128,4.129519805,0.92333708,2.872915327,taylorcreek_20180715.csv
2018-07-17T00:00:00Z,34.28676758,22.48202155,4.188862058,2.289646401,3.048591959,taylorcreek_20180715.csv
2018-07-18T00:00:00Z,33.23061523,17.38778007,4.209652193,3.747036114,7.005305314,taylorcreek_20180715.csv
2018-07-19T00:00:00Z,30.48446045,24.8937781,3.276441084,3.488020719,5.20101912,taylorcreek_20180715.csv
2018-07-20T00:00:00Z,28.4961792,26.94021288,2.842695278,4.106202648,4.740043826,taylorcreek_20180715.csv
2018-07-21T00:00:00Z,27.01143799,18.35263893,2.914023502,4.048976542,5.295966586,taylorcreek_20180715.csv
2018-07-22T00:00:00Z,27.95552979,16.61678292,3.144729321,3.317999797,3.022872619,taylorcreek_20180715.csv
2018-07-23T00:00:00Z,32.39693604,18.06418283,3.984300008,2.408874125,9.319320047,taylorcreek_20180715.csv
2018-07-24T00:00:00Z,32.85408936,25.46007502,3.718203083,2.57584226,7.553817085,taylorcreek_20180715.csv
2018-07-25T00:00:00Z,32.28811035,28.63623895,3.448019037,2.107656399,3.986359082,taylorcreek_20180715.csv
2018-07-26T00:00:00Z,33.97609863,22.43104831,4.11989467,2.614583828,3.631409218,taylorcreek_20180715.csv
2018-07-27T00:00:00Z,33.9001709,19.73424255,4.245499404,3.03011025,5.062666277,taylorcreek_20180715.csv
2018-07-28T00:00:00Z,32.27529297,19.31866971,3.896390157,3.062099321,7.088888842,taylorcreek_20180715.csv
2018-07-29T00:00:00Z,32.37636719,19.39748824,3.91479398,2.720151106,7.400634544,taylorcreek_20180715.csv
2018-07-30T00:00:00Z,33.64174805,20.55715585,4.141810488,2.595822359,10.2820397,taylorcreek_20180715.csv
2018-07-31T00:00:00Z,31.89315186,24.77751465,3.554777204,3.192703344,11.37285586,taylorcreek_20180715.csv
2018-08-01T00:00:00Z,32.17757568,19.91247782,3.846413873,2.909826408,9.292394796,taylorcreek_20180715.csv
2018-08-02T00:00:00Z,30.39199219,25.627506,3.227290307,2.885878139,8.097831427,taylorcreek_20180715.csv
2018-08-03T00:00:00Z,27.35335693,27.30037771,2.646696281,3.43674007,6.748550249,taylorcreek_20180715.csv
2018-08-04T00:00:00Z,27.36434326,29.04095462,2.584898175,2.838341811,4.923162338,taylorcreek_20180715.csv
2018-08-05T00:00:00Z,24.9031311,34.44027727,2.065370195,3.267948881,3.151700637,taylorcreek_20180715.csv
2018-08-06T00:00:00Z,28.25203857,28.19856474,2.754389238,2.328256196,9.83469159,taylorcreek_20180715.csv
2018-08-07T00:00:00Z,30.18575439,27.11976185,3.125359323,2.416624319,5.570824699,taylorcreek_20180715.csv
2018-08-08T00:00:00Z,31.74172363,26.55875016,3.440862473,2.475436413,5.816068286,taylorcreek_20180715.csv
2018-08-09T00:00:00Z,32.19265137,27.44585536,3.48685048,2.620263613,9.790691158,taylorcreek_20180715.csv
2018-08-10T00:00:00Z,32.97939453,21.79408471,3.928980723,2.354368563,10.09865339,taylorcreek_20180715.csv
2018-08-11T00:00:00Z,31.34353027,24.24489215,3.470346378,3.736159552,16.83531122,taylorcreek_20180715.csv
2018-08-12T00:00:00Z,27.1368042,28.55384587,2.568267593,2.995605252,10.21630161,taylorcreek_20180715.csv
2018-08-13T00:00:00Z,28.48757324,24.12053235,2.951111077,3.082047235,3.655842948,taylorcreek_20180715.csv
2018-08-14T00:00:00Z,31.02358398,25.69350139,3.342578981,2.07140988,5.712831733,taylorcreek_20180715.csv
2018-08-15T00:00:00Z,30.54384766,28.06917425,3.148319751,2.634393352,9.795924176,taylorcreek_20180715.csv
2018-08-16T00:00:00Z,28.70693359,32.41461833,2.661641003,2.601535491,6.45199584,taylorcreek_20180715.csv
2008-07-25T00:00:00Z,32.40010986,21.06459486,3.838779923,3.009882784,4.009029728,telegraph_20080725.csv
2008-07-26T00:00:00Z,33.08925781,19.39337043,4.074862139,3.190802579,3.688310506,telegraph_20080725.csv
2008-07-27T00:00:00Z,35.38796387,13.10175421,4.991901842,3.327578084,1.911043251,telegraph_20080725.csv
2008-07-28T00:00:00Z,31.91311035,20.36751056,3.767864786,3.393779723,2.855839451,telegraph_20080725.csv
2008-07-29T00:00:00Z,31.55315552,21.02673667,3.661308986,3.36278175,3.967119762,telegraph_20080725.csv
2008-07-30T00:00:00Z,31.21120605,18.67830571,3.697995807,3.180646814,4.20235707,telegraph_20080725.csv
2008-07-31T00:00:00Z,31.73757324,16.71987506,3.901904792,3.194011517,4.642119213,telegraph_20080725.csv
2008-08-01T00:00:00Z,32.32955322,19.72880145,3.888406474,3.282990302,5.094281524,telegraph_20080725.csv
2008-08-02T00:00:00Z,33.40731201,14.55483802,4.397563562,4.379811063,3.983365009,telegraph_20080725.csv
2013-05-31T00:00:00Z,20.75026855,11.23980143,2.175415984,5.902211844,12.85355993,thomridge_20130531.csv
2013-06-01T00:00:00Z,20.4059082,7.660130901,2.215515776,6.914178957,15.38083394,thomridge_20130531.csv
2013-06-02T00:00:00Z,22.79909668,6.953103544,2.583986511,1.945684581,3.588738254,thomridge_20130531.csv
2013-06-03T00:00:00Z,19.73781738,36.33676797,1.465697292,2.969761577,6.603848354,thomridge_20130531.csv
2013-06-04T00:00:00Z,24.84365234,11.89426264,2.766597494,4.736333165,10.41023624,thomridge_20130531.csv
2013-06-05T00:00:00Z,25.45076904,11.47651616,2.881881973,3.387796012,6.741402252,thomridge_20130531.csv
2013-06-06T00:00:00Z,20.90285645,24.55308818,1.866547707,1.374026351,3.618988663,thomridge_20130531.csv
2013-06-07T00:00:00Z,23.57265625,13.56769524,2.515159011,1.118304546,3.996446549,thomridge_20130531.csv
2013-06-08T00:00:00Z,23.48848877,10.27270045,2.59782678,4.555063741,9.694248172,thomridge_20130531.csv
2013-06-09T00:00:00Z,27.19979248,12.65839755,3.152046212,4.811007198,10.1047379,thomridge_20130531.csv
2013-06-10T00:00:00Z,28.09804688,13.56368741,3.287146205,2.67128796,4.755287414,thomridge_20130531.csv
2013-06-11T00:00:00Z,29.46932373,9.774259004,3.714635074,2.573808348,4.275991336,thomridge_20130531.csv
2013-06-12T00:00:00Z,29.61635742,5.593702238,3.91979568,4.993260773,10.43491569,thomridge_20130531.csv
2013-06-13T00:00:00Z,28.87227783,7.724471833,3.670464821,3.059498156,5.015421412,thomridge_20130531.csv
2013-06-14T00:00:00Z,26.79873047,15.4940889,2.978765434,1.552653507,1.171798276,thomridge_20130531.csv
2013-06-15T00:00:00Z,23.79018555,16.17026618,2.471512247,2.001742023,4.954051968,thomridge_20130531.csv
2013-06-16T00:00:00Z,23.15383301,16.26567382,2.375903715,4.256728135,9.13003451,thomridge_20130531.csv
2017-07-08T00:00:00Z,14.53359375,91.95039191,0.133321354,4.320967883,10.31659475,tongrivrcplx_20170708.csv
2017-07-09T00:00:00Z,15.19216309,94.24682157,0.099405007,8.065209599,12.93395698,tongrivrcplx_20170708.csv
2017-07-10T00:00:00Z,13.93868408,74.33227993,0.409152038,6.832303139,7.805371115,tongrivrcplx_20170708.csv
2017-07-11T00:00:00Z,13.92846069,74.33233914,0.408880232,3.680250758,10.02931893,tongrivrcplx_20170708.csv
2017-07-12T00:00:00Z,14.12001953,78.6209392,0.344800896,5.545128937,14.2681295,tongrivrcplx_20170708.csv
2017-07-13T00:00:00Z,13.97445068,74.9997068,0.399435131,5.418039715,12.62267589,tongrivrcplx_20170708.csv
2017-07-14T00:00:00Z,14.59981689,75.30249942,0.410862103,3.597837016,13.95908431,tongrivrcplx_20170708.csv
2017-07-15T00:00:00Z,14.47390137,88.26215364,0.193667578,8.600224033,18.19938887,tongrivrcplx_20170708.csv
2017-07-16T00:00:00Z,14.396875,77.55828679,0.368474517,5.675163687,15.00282314,tongrivrcplx_20170708.csv
2021-07-08T00:00:00Z,19.88808594,52.95128324,1.093098217,0.418985983,6.550976582,trailcrk_20210708.csv
2021-07-09T00:00:00Z,26.55111084,19.65988718,2.790869187,2.211894324,4.213032193,trailcrk_20210708.csv
2021-07-10T00:00:00Z,25.10268555,20.62583134,2.530972935,3.30707235,6.053407836,trailcrk_20210708.csv
2021-07-11T00:00:00Z,28.4782959,20.82005037,3.078022283,2.13239411,4.784966965,trailcrk_20210708.csv
2021-07-12T00:00:00Z,27.61617432,20.4418748,2.941546503,3.984977227,7.18128665,trailcrk_20210708.csv
2021-07-13T00:00:00Z,28.51784668,18.00419912,3.194964844,2.388741802,4.471629462,trailcrk_20210708.csv
2021-07-14T00:00:00Z,25.52303467,23.73831476,2.49305248,2.942764015,4.764028909,trailcrk_20210708.csv
2021-07-15T00:00:00Z,27.39660034,20.78839281,2.891415849,1.727735905,2.829500296,trailcrk_20210708.csv
2021-07-16T00:00:00Z,24.62386475,39.77300965,1.865888136,0.251678082,5.287288819,trailcrk_20210708.csv
2021-07-17T00:00:00Z,21.85170898,40.31829839,1.564464478,1.868200494,6.211812048,trailcrk_20210708.csv
2021-07-18T00:00:00Z,28.00637207,18.59843095,3.078988176,1.995820566,4.867351571,trailcrk_20210708.csv
2021-07-19T00:00:00Z,29.57598267,19.18927608,3.346979478,3.02670467,5.839530434,trailcrk_20210708.csv
2021-07-20T00:00:00Z,17.29470215,70.4607551,0.583549678,1.930029547,10.07986961,trailcrk_20210708.csv
2021-07-21T00:00:00Z,18.99071655,62.06419902,0.833546605,2.543556116,6.47118984,trailcrk_20210708.csv
2021-07-22T00:00:00Z,19.99401245,50.97019577,1.146637229,2.358274892,13.39549213,trailcrk_20210708.csv
2021-07-23T00:00:00Z,25.61321411,22.10306685,2.560211211,4.22558789,9.018190483,trailcrk_20210708.csv
2021-07-24T00:00:00Z,25.00744019,22.85980407,2.445774602,3.588221053,6.463197245,trailcrk_20210708.csv
2021-07-25T00:00:00Z,27.61873779,20.83930871,2.927269297,1.964344145,2.666245822,trailcrk_20210708.csv
2021-07-26T00:00:00Z,27.54970703,22.93781728,2.838107986,2.657970094,4.909951716,trailcrk_20210708.csv
2021-07-27T00:00:00Z,28.03450928,26.87420252,2.770049746,2.03795395,3.673277213,trailcrk_20210708.csv
2021-07-28T00:00:00Z,24.18288574,35.05419546,1.959923876,2.818546556,5.254600621,trailcrk_20210708.csv
2021-07-29T00:00:00Z,25.47213135,37.49807884,2.036598877,0.418533197,1.411076495,trailcrk_20210708.csv
2021-07-30T00:00:00Z,24.40401611,40.4512903,1.820802388,2.850159618,4.670874864,trailcrk_20210708.csv
2021-07-31T00:00:00Z,27.38314209,28.36342155,2.612482448,2.131514112,4.069977931,trailcrk_20210708.csv
2021-08-01T00:00:00Z,20.01571045,87.35178456,0.296045785,1.322949516,10.47520734,trailcrk_20210708.csv
2021-08-02T00:00:00Z,22.21474609,68.53763029,0.842782661,1.715833456,7.009487134,trailcrk_20210708.csv
2021-08-03T00:00:00Z,19.85469971,63.1103346,0.855187489,0.479450562,9.809652777,trailcrk_20210708.csv
2021-08-04T00:00:00Z,25.55220947,30.41294042,2.278540288,2.61443918,4.777960453,trailcrk_20210708.csv
2021-08-05T00:00:00Z,23.01772461,45.89830275,1.521975718,2.009015239,7.746954014,trailcrk_20210708.csv
2021-08-06T00:00:00Z,20.8387085,43.11686246,1.401480393,1.330350187,3.163857005,trailcrk_20210708.csv
2021-08-07T00:00:00Z,17.96138916,55.68097153,0.913182968,3.469968955,8.76583028,trailcrk_20210708.csv
2021-08-08T00:00:00Z,24.30291138,33.41787368,2.023836584,3.813768826,8.142391882,trailcrk_20210708.csv
2021-08-09T00:00:00Z,12.67073975,73.10132455,0.394805109,2.88902858,7.304318759,trailcrk_20210708.csv
2021-08-10T00:00:00Z,19.67391357,32.19407197,1.554962991,2.9533622,5.801083524,trailcrk_20210708.csv
2021-08-11T00:00:00Z,23.34179077,27.05279526,2.093215809,4.181836167,9.372401838,trailcrk_20210708.csv
2021-08-12T00:00:00Z,26.82817993,29.64512864,2.483663927,3.419017452,6.843081158,trailcrk_20210708.csv
2021-08-13T00:00:00Z,28.15059814,22.70727505,2.947962288,2.78076257,4.73754204,trailcrk_20210708.csv
2021-08-14T00:00:00Z,28.19216309,23.11034407,2.939654042,2.16297169,3.450454244,trailcrk_20210708.csv
2021-08-15T00:00:00Z,26.42556152,20.1273991,2.754191517,3.223798586,5.928374412,trailcrk_20210708.csv
2021-08-16T00:00:00Z,25.7491394,31.35558341,2.273987465,3.157282993,7.261683404,trailcrk_20210708.csv
2021-08-17T00:00:00Z,25.40200195,28.23706431,2.329047306,3.871255475,9.472759849,trailcrk_20210708.csv
2021-08-18T00:00:00Z,14.81276855,59.29694353,0.68656225,3.204115739,4.079966183,trailcrk_20210708.csv
2021-08-19T00:00:00Z,11.38631592,63.75456363,0.488915863,1.628736865,1.395610223,trailcrk_20210708.csv
2021-08-20T00:00:00Z,14.64162598,49.39920899,0.844211559,4.332789845,9.65395909,trailcrk_20210708.csv
2021-08-21T00:00:00Z,18.39833984,43.73622167,1.19162985,1.06681386,2.466029907,trailcrk_20210708.csv
2021-08-22T00:00:00Z,10.98977051,79.60197595,0.267999949,1.285695401,7.301933087,trailcrk_20210708.csv
2021-08-23T00:00:00Z,19.56792603,31.62428082,1.557767625,3.403369463,7.995293965,trailcrk_20210708.csv
2021-08-24T00:00:00Z,19.19484863,27.3741561,1.616738585,3.89720064,6.523255382,trailcrk_20210708.csv
2021-08-25T00:00:00Z,20.63109741,25.8570224,1.803891524,1.386673095,2.208628381,trailcrk_20210708.csv
2021-08-26T00:00:00Z,16.87386475,51.49988769,0.933154912,1.416159043,9.798093011,trailcrk_20210708.csv
2021-08-27T00:00:00Z,17.38411865,36.19339113,1.268033754,3.058620688,6.012451198,trailcrk_20210708.csv
2021-08-28T00:00:00Z,14.84420166,47.35620698,0.889837757,3.23545586,6.385444914,trailcrk_20210708.csv
2021-08-29T00:00:00Z,19.15447388,30.69393959,1.538935333,1.664842939,2.605691234,trailcrk_20210708.csv
2021-08-30T00:00:00Z,23.26589355,23.58179555,2.182896773,1.717162352,3.535912315,trailcrk_20210708.csv
2021-08-31T00:00:00Z,23.23153076,19.73788917,2.288034738,3.874811286,8.869151928,trailcrk_20210708.csv
2021-09-01T00:00:00Z,19.68514404,22.96500419,1.767936232,3.262505061,5.940299773,trailcrk_20210708.csv
2021-09-02T00:00:00Z,18.07814941,24.30043106,1.571603636,1.70410596,2.389369739,trailcrk_20210708.csv
2021-09-03T00:00:00Z,17.68334351,23.03799158,1.55864863,2.182087694,2.752496309,trailcrk_20210708.csv
2021-09-04T00:00:00Z,19.20055542,24.20469338,1.687915933,2.283332176,4.45558873,trailcrk_20210708.csv
2021-09-05T00:00:00Z,22.31765137,19.65097179,2.167263593,2.697780452,6.14486991,trailcrk_20210708.csv
2021-09-06T00:00:00Z,25.30111084,18.22687878,2.638460954,3.391677641,8.298551158,trailcrk_20210708.csv
2021-09-07T00:00:00Z,23.56435547,29.34936227,2.054595813,3.569904905,7.877195814,trailcrk_20210708.csv
2021-09-08T00:00:00Z,24.84273682,27.54087786,2.274790932,1.771328301,3.241642199,trailcrk_20210708.csv
2021-09-09T00:00:00Z,25.81502686,21.74104035,2.603023386,3.731079545,10.10973068,trailcrk_20210708.csv
2021-09-10T00:00:00Z,23.02938232,34.97233497,1.830939006,0.086817936,9.564786585,trailcrk_20210708.csv
2021-09-11T00:00:00Z,20.20745239,40.62746866,1.407113799,4.062382397,9.841459833,trailcrk_20210708.csv
2021-09-12T00:00:00Z,17.99886475,32.50926866,1.394183978,2.787603481,5.439366218,trailcrk_20210708.csv
2021-09-13T00:00:00Z,19.39925537,31.14459879,1.552366098,2.180284361,3.445365724,trailcrk_20210708.csv
2021-09-14T00:00:00Z,18.41433105,28.72182721,1.511301992,2.874164918,5.962982896,trailcrk_20210708.csv
2021-09-15T00:00:00Z,19.26503906,26.95404641,1.633208073,2.74659622,6.367184712,trailcrk_20210708.csv
2021-09-16T00:00:00Z,18.37496338,34.79247833,1.379135822,4.164458521,10.14012606,trailcrk_20210708.csv
2021-09-17T00:00:00Z,12.16903076,20.43835354,1.129940216,2.676500463,5.312026824,trailcrk_20210708.csv
2021-09-18T00:00:00Z,20.05840454,23.13224256,1.805324041,3.86005332,11.450082,trailcrk_20210708.csv
2021-09-19T00:00:00Z,18.95522461,15.11929214,1.861553684,5.373069615,15.85516897,trailcrk_20210708.csv
2021-09-20T00:00:00Z,4.837365723,79.41237289,0.178016128,3.94720819,11.37643447,trailcrk_20210708.csv
2021-09-21T00:00:00Z,8.651116943,48.70041686,0.576324801,2.707477243,5.717801017,trailcrk_20210708.csv
2021-09-22T00:00:00Z,17.51064453,30.54740845,1.391330543,1.403857849,4.155884874,trailcrk_20210708.csv
2021-09-23T00:00:00Z,18.54067383,29.79072814,1.500442369,2.560105332,7.566864311,trailcrk_20210708.csv
2021-09-24T00:00:00Z,15.85457764,36.81358032,1.139545653,2.733929239,5.428263921,trailcrk_20210708.csv
2021-09-25T00:00:00Z,19.90319214,32.10110459,1.579357429,0.981113789,1.361610581,trailcrk_20210708.csv
2021-09-26T00:00:00Z,22.40187988,32.22224467,1.837320258,1.904344001,5.883753712,trailcrk_20210708.csv
2021-09-27T00:00:00Z,22.20671997,22.4298841,2.078213118,2.752268028,8.654007685,trailcrk_20210708.csv
2021-09-28T00:00:00Z,19.92290649,17.54888527,1.920312272,2.997008453,10.24900622,trailcrk_20210708.csv
2021-09-29T00:00:00Z,4.769952393,66.30376866,0.289985484,2.914311068,7.786099081,trailcrk_20210708.csv
2021-09-30T00:00:00Z,9.91072998,31.57440514,0.836639736,1.928543978,3.477187172,trailcrk_20210708.csv
2021-10-01T00:00:00Z,14.78591309,31.54634894,1.152787474,1.225859334,3.051305133,trailcrk_20210708.csv
2021-10-02T00:00:00Z,14.76867065,36.38005722,1.070193807,1.949722275,3.071826792,trailcrk_20210708.csv
2021-10-03T00:00:00Z,16.94448242,27.55011774,1.400393514,1.734280567,5.507965908,trailcrk_20210708.csv
2021-10-04T00:00:00Z,19.05275879,34.22942155,1.45117578,1.340749492,5.507608802,trailcrk_20210708.csv
2021-10-05T00:00:00Z,18.06759033,30.54884757,1.440897906,1.384093452,7.573826359,trailcrk_20210708.csv
2021-10-06T00:00:00Z,18.68459473,23.18501156,1.65648198,1.967339333,8.288355973,trailcrk_20210708.csv
2021-10-07T00:00:00Z,14.00762329,31.48311112,1.097277364,2.412710931,6.74287105,trailcrk_20210708.csv
2021-10-08T00:00:00Z,9.15267334,63.77841729,0.4209446,0.664135236,6.958592323,trailcrk_20210708.csv
2021-10-09T00:00:00Z,6.504571533,79.53119245,0.198649575,1.117098059,2.211925642,trailcrk_20210708.csv
2021-10-10T00:00:00Z,6.405297852,41.50244294,0.563773034,3.158501235,7.005276279,trailcrk_20210708.csv
2021-10-11T00:00:00Z,8.411828613,49.6116569,0.556994445,3.166158522,10.04483143,trailcrk_20210708.csv
2021-10-12T00:00:00Z,-1.395635986,73.12143298,0.148762868,3.706918937,12.77987521,trailcrk_20210708.csv
2021-10-13T00:00:00Z,-1.778845215,70.87281867,0.156721701,1.191620222,2.764002755,trailcrk_20210708.csv
2021-10-14T00:00:00Z,-1.167181396,74.24342816,0.144965137,2.396387738,6.826217308,trailcrk_20210708.csv
2021-10-15T00:00:00Z,0.542871094,63.3377571,0.233677972,3.299232763,10.49405107,trailcrk_20210708.csv
2021-10-16T00:00:00Z,4.186975098,62.92291549,0.306325006,2.077252789,12.41423587,trailcrk_20210708.csv
2021-10-17T00:00:00Z,8.661523438,44.77945262,0.620801738,2.656981459,9.763657275,trailcrk_20210708.csv
2021-10-18T00:00:00Z,12.13820801,37.66213477,0.883649343,1.871296458,9.317981043,trailcrk_20210708.csv
2021-10-19T00:00:00Z,9.961572266,56.62498013,0.532200425,2.136072289,6.348480731,trailcrk_20210708.csv
2021-10-20T00:00:00Z,6.943933105,55.64794545,0.443604284,2.260681712,4.046645166,trailcrk_20210708.csv
2021-10-21T00:00:00Z,7.191217041,66.26386338,0.343196455,1.716604701,11.76328789,trailcrk_20210708.csv
2021-10-22T00:00:00Z,11.31740723,53.12982176,0.629375962,2.22235137,9.060643535,trailcrk_20210708.csv
2021-10-23T00:00:00Z,11.27523193,50.48534516,0.663034977,3.098135188,12.52434568,trailcrk_20210708.csv
2021-10-24T00:00:00Z,4.167901611,66.94212915,0.27275943,1.024848246,7.34121378,trailcrk_20210708.csv
2021-10-25T00:00:00Z,4.845330811,76.25661187,0.205416035,3.585751614,17.38763013,trailcrk_20210708.csv
2021-10-26T00:00:00Z,1.908044434,99.2088462,0.00556353,0.81107699,6.806736044,trailcrk_20210708.csv
2021-10-27T00:00:00Z,1.21920166,68.33351736,0.211929012,2.174663138,10.8525261,trailcrk_20210708.csv
2021-10-28T00:00:00Z,1.818536377,59.99042682,0.279502067,2.614684659,12.05212351,trailcrk_20210708.csv
2021-10-29T00:00:00Z,6.364465332,76.2601285,0.228184347,2.566152521,15.50470542,trailcrk_20210708.csv
2021-10-30T00:00:00Z,10.21303711,59.831761,0.501204347,3.407019328,15.10419672,trailcrk_20210708.csv
2021-10-31T00:00:00Z,3.362207031,61.85704037,0.297361062,1.514050947,4.135462154,trailcrk_20210708.csv
2005-09-03T00:00:00Z,20.97091064,14.27774311,2.129684154,4.595215336,10.14333293,valleyrd_20050903.csv
2005-09-04T00:00:00Z,21.10146484,18.00303885,2.053523549,4.306357874,9.01333683,valleyrd_20050903.csv
2005-09-05T00:00:00Z,16.15264282,23.31360498,1.409566693,3.994453461,8.362051354,valleyrd_20050903.csv
2005-09-06T00:00:00Z,16.0130249,24.8090337,1.369838618,3.478255587,6.904389187,valleyrd_20050903.csv
2005-09-07T00:00:00Z,19.55974731,19.71248645,1.828317466,3.619244607,6.880106324,valleyrd_20050903.csv
2005-09-08T00:00:00Z,22.49590454,15.11458623,2.314569428,2.981272693,5.598477949,valleyrd_20050903.csv
2005-09-09T00:00:00Z,21.12041626,20.84162242,1.984722236,3.197242046,6.249791994,valleyrd_20050903.csv
2005-09-10T00:00:00Z,12.17229614,32.95925772,0.952431482,4.563837801,9.311028038,valleyrd_20050903.csv
2005-09-11T00:00:00Z,2.899438477,50.30659611,0.374890156,2.4242883,4.503786406,valleyrd_20050903.csv
2005-09-12T00:00:00Z,6.346337891,43.39620352,0.543319817,1.657217671,3.577654679,valleyrd_20050903.csv
2005-09-13T00:00:00Z,6.912011719,41.94312563,0.579361034,3.501762361,7.088350458,valleyrd_20050903.csv
2005-09-14T00:00:00Z,8.604638672,51.66430418,0.541327507,1.628283439,3.59992445,valleyrd_20050903.csv
2005-09-15T00:00:00Z,12.62368164,34.99700036,0.951255203,3.279580414,5.644033394,valleyrd_20050903.csv
2005-09-16T00:00:00Z,14.6151062,27.5243595,1.207148968,3.609609875,8.797840814,valleyrd_20050903.csv
2005-09-17T00:00:00Z,10.33016357,35.37001496,0.812723848,2.366433852,5.611774399,valleyrd_20050903.csv
2005-09-18T00:00:00Z,3.835168457,93.4686105,0.052649535,1.925147503,4.036429379,valleyrd_20050903.csv
2005-09-19T00:00:00Z,10.96050415,34.03528179,0.86504365,2.411604687,3.546262325,valleyrd_20050903.csv
2019-09-04T00:00:00Z,30.09160767,14.50209785,3.647764462,3.722054562,6.787914562,walker_20190904.csv
2019-09-05T00:00:00Z,27.39425049,28.91791823,2.593914503,1.626328143,2.704557871,walker_20190904.csv
2019-09-06T00:00:00Z,25.3532959,38.98446677,1.974153901,2.742930229,12.23149336,walker_20190904.csv
2019-09-07T00:00:00Z,26.38527832,16.6416835,2.867712261,4.017445069,7.85069808,walker_20190904.csv
2019-09-08T00:00:00Z,23.03164063,24.54784855,2.125028734,4.713180647,12.89545577,walker_20190904.csv
2019-09-09T00:00:00Z,20.45726929,31.79965495,1.641567107,4.28962494,7.444659039,walker_20190904.csv
2019-09-10T00:00:00Z,18.54744873,31.40954447,1.466454458,3.890043832,7.615416458,walker_20190904.csv
2019-09-11T00:00:00Z,14.47866211,63.33789688,0.60521474,2.110497921,3.796083467,walker_20190904.csv
2019-09-12T00:00:00Z,21.11318359,22.3796724,1.94528151,1.781591367,1.002861493,walker_20190904.csv
2019-09-13T00:00:00Z,25.66646729,16.72207774,2.745895394,0.666434757,1.830345009,walker_20190904.csv
2019-09-14T00:00:00Z,28.10582886,12.39718541,3.333059462,2.232725364,3.986311829,walker_20190904.csv
2019-09-15T00:00:00Z,27.62963257,10.47781608,3.312973382,4.077201619,8.696442841,walker_20190904.csv
2019-09-16T00:00:00Z,22.61812744,14.4198354,2.350872008,5.629449573,16.22571315,walker_20190904.csv
2019-09-17T00:00:00Z,11.34789429,51.55236462,0.651873227,2.824667759,6.166118393,walker_20190904.csv
2019-09-18T00:00:00Z,17.60619507,34.57241272,1.3185873,3.823853294,6.582655908,walker_20190904.csv
2019-09-19T00:00:00Z,10.07836304,66.88122641,0.409537624,3.856474035,13.15200163,walker_20190904.csv
2019-09-20T00:00:00Z,13.11168823,54.08371308,0.693702705,3.439379463,9.117211276,walker_20190904.csv
2018-08-15T00:00:00Z,29.60830078,9.96109308,3.736686545,3.0218615,4.982873543,watsoncrk_20180815.csv
2018-08-16T00:00:00Z,26.23424683,23.81228936,2.597542415,1.732006463,3.881018604,watsoncrk_20180815.csv
2018-08-17T00:00:00Z,29.13723145,17.5993859,3.327801342,4.393343805,9.086944959,watsoncrk_20180815.csv
2018-08-18T00:00:00Z,27.89129028,12.97299011,3.270060109,3.829427755,6.920609284,watsoncrk_20180815.csv
2018-08-19T00:00:00Z,29.63039551,12.35590675,3.641816716,2.863577818,4.412600647,watsoncrk_20180815.csv
2018-08-20T00:00:00Z,29.14174805,12.18075664,3.547869042,4.24862684,7.239411148,watsoncrk_20180815.csv
2018-08-21T00:00:00Z,24.69228516,18.67546566,2.530615038,2.878646144,3.763761646,watsoncrk_20180815.csv
2018-08-22T00:00:00Z,22.85418091,25.46352467,2.076825927,0.895487613,0.359777176,watsoncrk_20180815.csv
2018-08-23T00:00:00Z,26.11953125,18.48866786,2.760528336,3.672110297,6.524282563,watsoncrk_20180815.csv
2018-08-24T00:00:00Z,24.24001465,27.30247468,2.201628848,4.070232682,7.802471386,watsoncrk_20180815.csv
2018-08-25T00:00:00Z,24.01430664,15.63630963,2.520940008,3.508651947,5.747560465,watsoncrk_20180815.csv
2018-08-26T00:00:00Z,23.84450684,16.13050901,2.480763744,4.194028958,7.739374814,watsoncrk_20180815.csv
2018-08-27T00:00:00Z,23.24279175,23.98700207,2.168290346,5.741169286,11.29721561,watsoncrk_20180815.csv
2018-08-28T00:00:00Z,19.93660889,24.88412963,1.750930201,2.936639164,3.135976007,watsoncrk_20180815.csv
2018-08-29T00:00:00Z,24.30904541,15.35904752,2.574272306,0.642768368,1.569254759,watsoncrk_20180815.csv
2018-08-30T00:00:00Z,25.9114624,22.47084614,2.593461319,4.028858859,7.570359928,watsoncrk_20180815.csv
2018-08-31T00:00:00Z,22.6168457,26.9728547,2.005716252,4.146103999,7.998570077,watsoncrk_20180815.csv
2018-09-01T00:00:00Z,23.54000244,19.08231727,2.350000361,1.908248587,3.096039771,watsoncrk_20180815.csv
2018-09-02T00:00:00Z,25.55330811,15.06787993,2.781773329,1.566829008,2.118681631,watsoncrk_20180815.csv
2018-09-03T00:00:00Z,27.40810547,12.7480337,3.187405605,1.05069121,1.179201779,watsoncrk_20180815.csv
2018-09-04T00:00:00Z,27.84822998,11.36545338,3.322172734,1.661494872,3.093173246,watsoncrk_20180815.csv
2018-09-05T00:00:00Z,27.90615234,15.6934774,3.17047013,0.755853079,2.217677563,watsoncrk_20180815.csv
2018-09-06T00:00:00Z,27.71813354,12.57336863,3.252113775,4.204315448,8.506064238,watsoncrk_20180815.csv
2018-09-07T00:00:00Z,26.83730469,12.32929918,3.09741964,3.627750532,6.665122728,watsoncrk_20180815.csv
2018-09-08T00:00:00Z,25.78249512,15.97460561,2.789651946,3.986152441,8.257775089,watsoncrk_20180815.csv
2018-09-09T00:00:00Z,23.51699219,13.99845892,2.494253121,4.182839966,7.563427269,watsoncrk_20180815.csv
2018-09-10T00:00:00Z,25.33620605,11.89486955,2.848826917,3.508365318,6.173999995,watsoncrk_20180815.csv
2018-09-11T00:00:00Z,22.47194824,18.27125831,2.225239392,4.907162924,9.649700314,watsoncrk_20180815.csv
2018-09-12T00:00:00Z,17.19735107,23.13199983,1.50974698,3.147118018,5.39910538,watsoncrk_20180815.csv
2018-09-13T00:00:00Z,15.11956177,23.59696474,1.314538415,2.920475268,4.644856616,watsoncrk_20180815.csv
2018-09-14T00:00:00Z,15.46407471,22.43815759,1.364290083,3.505891006,7.118521182,watsoncrk_20180815.csv
2018-09-15T00:00:00Z,17.83516846,20.35964879,1.62836451,4.326440774,9.051923581,watsoncrk_20180815.csv
2018-09-16T00:00:00Z,17.64156494,18.86712973,1.638780478,5.487100823,11.75293671,watsoncrk_20180815.csv
2019-08-02T00:00:00Z,31.40621338,17.59546135,3.789026649,3.825284922,9.388735796,williamsflat_20190802.csv
2019-08-03T00:00:00Z,28.2545105,30.65517685,2.660390421,4.781619403,12.00033276,williamsflat_20190802.csv
2019-08-04T00:00:00Z,29.94689331,8.551284338,3.869741733,2.109856086,2.332855846,williamsflat_20190802.csv
2019-08-05T00:00:00Z,31.9117981,12.24191962,4.152814129,1.383314925,3.261258422,williamsflat_20190802.csv
2019-08-06T00:00:00Z,33.17269287,13.72016395,4.382732304,2.763562165,4.051340487,williamsflat_20190802.csv
2019-08-07T00:00:00Z,35.30373535,10.87761414,5.096283552,2.944253269,4.890370236,williamsflat_20190802.csv
2019-08-08T00:00:00Z,35.63601074,10.78265215,5.195887039,3.617155971,5.96538988,williamsflat_20190802.csv
2019-08-09T00:00:00Z,33.63979492,16.3675534,4.360283088,2.764017853,4.188173499,williamsflat_20190802.csv
2019-08-10T00:00:00Z,23.29320679,44.46340303,1.58855033,1.500032852,3.443928189,williamsflat_20190802.csv
2019-08-11T00:00:00Z,27.4604126,31.54910119,2.507431934,2.296754415,5.967714163,williamsflat_20190802.csv
2019-08-12T00:00:00Z,22.99147949,41.37016087,1.646867314,3.24115937,7.137444841,williamsflat_20190802.csv
2019-08-13T00:00:00Z,24.57265625,35.99405257,1.977045779,2.524990897,2.895653368,williamsflat_20190802.csv
2019-08-14T00:00:00Z,27.62539063,28.47571352,2.645522148,1.607903353,4.063246169,williamsflat_20190802.csv
2019-08-15T00:00:00Z,29.47078857,22.96653981,3.17103867,3.078101676,6.325787316,williamsflat_20190802.csv
2019-08-16T00:00:00Z,29.38521729,19.55690423,3.295370102,3.335251816,4.013760159,williamsflat_20190802.csv
2019-08-17T00:00:00Z,26.27727661,31.56373759,2.338864817,3.176336515,6.384663565,williamsflat_20190802.csv
2019-08-18T00:00:00Z,26.2187439,26.56324156,2.501348223,4.055042805,7.251132496,williamsflat_20190802.csv
2019-08-19T00:00:00Z,28.03139648,25.44829163,2.823635812,3.030209569,8.589977946,williamsflat_20190802.csv
2019-08-20T00:00:00Z,29.9600769,18.89173804,3.434203857,3.153278013,5.322893941,williamsflat_20190802.csv
2019-08-21T00:00:00Z,32.23348389,16.4463314,4.025904528,1.891104077,13.32156863,williamsflat_20190802.csv
2019-08-22T00:00:00Z,27.98650513,23.75469782,2.880349617,4.185696797,11.18251993,williamsflat_20190802.csv
2019-08-23T00:00:00Z,27.46297607,23.55365181,2.801177951,2.827637536,4.461001191,williamsflat_20190802.csv
2019-08-24T00:00:00Z,26.1597229,31.06811176,2.33956168,2.58575397,7.803654769,williamsflat_20190802.csv
2019-08-25T00:00:00Z,26.85170898,23.5516741,2.70280723,3.742348881,8.71748069,williamsflat_20190802.csv
2019-08-26T00:00:00Z,25.65151367,20.23001191,2.627792528,3.374112159,6.21035451,williamsflat_20190802.csv
2019-08-27T00:00:00Z,26.45174561,18.78029725,2.805015937,2.254643028,6.419129809,williamsflat_20190802.csv
2019-08-28T00:00:00Z,28.21566162,19.63019185,3.077106703,1.871137705,6.252565444,williamsflat_20190802.csv
2019-08-29T00:00:00Z,32.23064575,13.3783113,4.173362877,2.575885622,5.281717246,williamsflat_20190802.csv
2019-08-30T00:00:00Z,26.30822144,31.82970874,2.334013233,3.808459114,4.673057104,williamsflat_20190802.csv
2019-08-31T00:00:00Z,26.59908447,49.15154504,1.770363624,1.43546129,7.001271406,williamsflat_20190802.csv
2019-09-01T00:00:00Z,30.88167725,20.52668392,3.5467159,3.750420313,12.20705934,williamsflat_20190802.csv
2019-09-02T00:00:00Z,29.36611328,24.73297318,3.079598751,4.569458039,11.0603024,williamsflat_20190802.csv
2019-09-03T00:00:00Z,28.68666992,21.54693442,3.086742272,2.278371071,2.273682684,williamsflat_20190802.csv
2020-09-27T00:00:00Z,31.65218506,21.7411149,3.648520005,1.834364464,9.078226362,zogg_20200927.csv
2020-09-28T00:00:00Z,34.04042969,8.580053038,4.874768078,5.138866492,8.24132075,zogg_20200927.csv
2020-09-29T00:00:00Z,37.30483398,3.61140209,6.150434591,2.369165886,9.036870511,zogg_20200927.csv
2020-09-30T00:00:00Z,33.11574707,9.096848041,4.603337522,1.701934841,4.548503461,zogg_20200927.csv
2020-10-01T00:00:00Z,36.17940674,9.289031076,5.442962833,0.733753567,3.334650009,zogg_20200927.csv
2020-10-02T00:00:00Z,37.71303711,7.062171301,6.062662255,1.074697947,2.066356261,zogg_20200927.csv
2020-10-03T00:00:00Z,36.7137085,7.946390718,5.687393061,1.388502043,3.048780966,zogg_20200927.csv
2020-10-04T00:00:00Z,35.70723877,8.472992976,5.351618581,0.965537421,2.410031622,zogg_20200927.csv
2020-10-05T00:00:00Z,31.12233887,16.2626796,3.788879168,2.306757779,2.712029318,zogg_20200927.csv
2020-10-06T00:00:00Z,33.25179443,5.240490488,4.835522844,1.203135059,0.977787395,zogg_20200927.csv
2020-10-07T00:00:00Z,32.22579346,8.710839073,4.397413509,1.990965993,4.369965776,zogg_20200927.csv
2020-10-08T00:00:00Z,29.36544189,16.41497344,3.420392629,2.36066853,5.503150096,zogg_20200927.csv
2020-10-09T00:00:00Z,25.01339111,24.76019928,2.386302261,1.624759899,4.413577385,zogg_20200927.csv
2020-10-10T00:00:00Z,24.10634766,31.02929233,2.072003205,2.544873667,6.313600711,zogg_20200927.csv
2020-10-11T00:00:00Z,21.96120605,48.37144943,1.362258076,1.902610197,13.1215482,zogg_20200927.csv
2020-10-12T00:00:00Z,27.01864014,15.94228454,3.001415209,0.348133808,16.89074334,zogg_20200927.csv
2020-10-13T00:00:00Z,30.09591064,21.23156085,3.361012226,1.145181593,13.64183663,zogg_20200927.csv
